scope,model,rows,gameweeks,mae,rmse,bias,mean_gameweek_spearman,top_10_hit_rate,top_25_hit_rate,mean_captaincy_regret,brier_10_plus,brier_15_plus,brier_6_plus
development,position_average,24696,69,1.8711,3.1458,-0.9587,0.0889,0.0696,0.113,15.3333,,,
development,season_average,24696,69,1.9204,2.8714,-0.0691,0.4026,0.1435,0.2093,10.5507,,,
development,last_3,24696,69,2.0762,3.1054,0.1102,0.398,0.1188,0.1722,12.3043,,,
development,last_6,24696,69,1.9958,2.9533,0.0437,0.3982,0.1377,0.1901,11.1739,,,
development,minutes_only,24696,69,2.0383,2.8873,0.1624,0.4186,0.0899,0.1733,12.4058,,,
development,player_sim,24696,69,1.9103,2.8078,0.0095,0.445,0.1478,0.1994,11.087,0.03484,0.00736,0.11684
development,calibrated_player_sim,24696,69,1.9034,2.7991,0.0,0.445,0.1478,0.1994,11.087,0.03613,0.00798,0.11716
development,component_sim,24696,69,1.8644,2.8166,-0.1333,0.4219,0.1449,0.207,11.1594,0.03488,0.00731,0.11673
development,hybrid_sim,24696,69,1.8974,2.8044,-0.0191,0.4432,0.1507,0.2023,11.4783,0.03481,0.00731,0.11634
held_out,position_average,12937,35,1.771,3.0058,-0.896,0.0875,0.0629,0.1371,14.2857,,,
held_out,season_average,12937,35,1.8143,2.732,-0.0979,0.4193,0.1543,0.2149,9.0286,,,
held_out,last_3,12937,35,1.9662,2.9501,0.0744,0.4056,0.1114,0.1714,10.3143,,,
held_out,last_6,12937,35,1.8873,2.8118,0.0236,0.4126,0.1314,0.1989,10.0286,,,
held_out,minutes_only,12937,35,1.9416,2.7577,0.1634,0.4196,0.0771,0.176,12.4286,,,
held_out,player_sim,12937,35,1.825,2.6666,0.054,0.4582,0.1543,0.2034,9.2,0.02938,0.00614,0.10971
held_out,calibrated_player_sim,12937,35,1.8212,2.6626,0.053,0.4582,0.1543,0.2034,9.2,0.03,0.00632,0.1099
held_out,component_sim,12937,35,1.7773,2.6687,-0.074,0.4422,0.16,0.2034,9.2571,0.02937,0.00613,0.10945
held_out,hybrid_sim,12937,35,1.812,2.662,0.0284,0.4575,0.1571,0.2011,9.2,0.02934,0.00613,0.10917
all,position_average,37633,104,1.8367,3.0984,-0.9371,0.0884,0.0673,0.1212,14.9808,,,
all,season_average,37633,104,1.8839,2.8243,-0.079,0.4082,0.1471,0.2112,10.0385,,,
all,last_3,37633,104,2.0384,3.0529,0.0979,0.4005,0.1163,0.1719,11.6346,,,
all,last_6,37633,104,1.9585,2.9054,0.0368,0.403,0.1356,0.1931,10.7885,,,
all,minutes_only,37633,104,2.0051,2.8434,0.1627,0.4189,0.0856,0.1742,12.4135,,,
all,player_sim,37633,104,1.881,2.7601,0.0248,0.4494,0.15,0.2008,10.4519,0.03296,0.00694,0.11439
all,calibrated_player_sim,37633,104,1.8751,2.753,0.0182,0.4494,0.15,0.2008,10.4519,0.03403,0.00741,0.11466
all,component_sim,37633,104,1.8345,2.7667,-0.1129,0.4287,0.15,0.2058,10.5192,0.03299,0.00691,0.11422
all,hybrid_sim,37633,104,1.8681,2.7563,-0.0028,0.448,0.1529,0.2019,10.7115,0.03293,0.00691,0.11388
season_2022-23,player_sim,12095,34,1.9124,2.7951,-0.0004,0.4552,0.1353,0.1976,10.7941,0.03511,0.0068,0.12162
season_2022-23,component_sim,12095,34,1.8666,2.8056,-0.1568,0.4307,0.1382,0.2024,10.4706,0.03519,0.00677,0.12168
season_2022-23,hybrid_sim,12095,34,1.8991,2.7916,-0.0317,0.4533,0.1382,0.1976,11.2941,0.03509,0.00677,0.12118
season_2023-24,player_sim,12601,35,1.9083,2.8201,0.019,0.4351,0.16,0.2011,11.3714,0.03457,0.00789,0.11225
season_2023-24,component_sim,12601,35,1.8623,2.8272,-0.1107,0.4134,0.1514,0.2114,11.8286,0.03459,0.00783,0.11197
season_2023-24,hybrid_sim,12601,35,1.8958,2.8167,-0.007,0.4334,0.1629,0.2069,11.6571,0.03453,0.00783,0.11169
season_2024-25,player_sim,12937,35,1.825,2.6666,0.054,0.4582,0.1543,0.2034,9.2,0.02938,0.00614,0.10971
season_2024-25,component_sim,12937,35,1.7773,2.6687,-0.074,0.4422,0.16,0.2034,9.2571,0.02937,0.00613,0.10945
season_2024-25,hybrid_sim,12937,35,1.812,2.662,0.0284,0.4575,0.1571,0.2011,9.2,0.02934,0.00613,0.10917
held_out_position_GK,player_sim,828,35,2.1321,2.7661,0.1952,0.3621,0.5371,0.9863,6.4286,0.03336,0.00482,0.14939
held_out_position_GK,component_sim,828,35,2.014,2.7523,-0.1291,0.3617,0.5429,0.9874,6.4286,0.0339,0.00483,0.14711
held_out_position_GK,hybrid_sim,828,35,2.1036,2.7567,0.1304,0.3646,0.5457,0.9863,6.1429,0.03356,0.00483,0.14782
held_out_position_DEF,player_sim,4381,35,1.8681,2.5522,0.1769,0.414,0.2114,0.3851,9.5714,0.01738,0.00457,0.12218
held_out_position_DEF,component_sim,4381,35,1.8235,2.5396,0.0532,0.401,0.22,0.3783,8.9429,0.01736,0.00456,0.12167
held_out_position_DEF,hybrid_sim,4381,35,1.8574,2.5449,0.1522,0.4138,0.2171,0.3874,9.5714,0.01735,0.00456,0.12151
held_out_position_MID,player_sim,6344,35,1.6884,2.6223,0.0162,0.4738,0.1914,0.32,8.4571,0.03422,0.00687,0.08946
held_out_position_MID,component_sim,6344,35,1.6447,2.6265,-0.0832,0.4522,0.1886,0.3303,8.6286,0.03414,0.00687,0.08916
held_out_position_MID,hybrid_sim,6344,35,1.675,2.6182,-0.0037,0.4719,0.1857,0.3234,8.4571,0.03414,0.00687,0.08898
held_out_position_FWD,player_sim,1384,35,2.1312,3.1228,-0.2469,0.4832,0.4457,0.768,7.5714,0.04282,0.00857,0.13934
held_out_position_FWD,component_sim,1384,35,2.0972,3.1629,-0.4015,0.4615,0.4486,0.7589,8.0286,0.04284,0.00851,0.14122
held_out_position_FWD,hybrid_sim,1384,35,2.1222,3.1258,-0.2779,0.4833,0.4486,0.7669,7.5714,0.04276,0.00851,0.13959
held_out_home,player_sim,6408,35,1.8472,2.6857,0.0851,0.4627,0.2029,0.2949,8.6571,0.03071,0.00676,0.11204
held_out_home,component_sim,6408,35,1.7997,2.6889,-0.0466,0.446,0.1743,0.3097,9.0286,0.03078,0.00672,0.11182
held_out_home,hybrid_sim,6408,35,1.8344,2.6812,0.0588,0.4619,0.1914,0.2971,8.6571,0.0307,0.00672,0.1115
held_out_away,player_sim,6529,35,1.8032,2.6477,0.0234,0.4414,0.1857,0.3051,8.5429,0.02808,0.00553,0.10743
held_out_away,component_sim,6529,35,1.7553,2.6487,-0.1009,0.4254,0.1886,0.2857,8.0857,0.02799,0.00555,0.10712
held_out_away,hybrid_sim,6529,35,1.7901,2.643,-0.0015,0.4405,0.1857,0.2983,8.2571,0.02801,0.00555,0.10689
