model,bias,brier_10_plus,brier_15_plus,brier_6_plus,gameweeks,mae,mean_captaincy_regret,mean_gameweek_spearman,rmse,rows,top_10_hit_rate,top_25_hit_rate
position_average,-0.896,,,,35,1.771,14.2857,0.0875,3.0058,12937,0.0629,0.1371
season_average,-0.0979,,,,35,1.8143,9.0286,0.4193,2.732,12937,0.1543,0.2149
last_3,0.0744,,,,35,1.9662,10.3143,0.4056,2.9501,12937,0.1114,0.1714
last_6,0.0236,,,,35,1.8873,10.0286,0.4126,2.8118,12937,0.1314,0.1989
minutes_only,0.1634,,,,35,1.9416,12.4286,0.4196,2.7577,12937,0.0771,0.176
player_sim,0.054,0.02938,0.00614,0.10971,35,1.825,9.2,0.4582,2.6666,12937,0.1543,0.2034
calibrated_player_sim,0.053,0.03,0.00632,0.1099,35,1.8212,9.2,0.4582,2.6626,12937,0.1543,0.2034
component_sim,-0.074,0.02937,0.00613,0.10945,35,1.7773,9.2571,0.4422,2.6687,12937,0.16,0.2034
hybrid_sim,0.0284,0.02934,0.00613,0.10917,35,1.812,9.2,0.4575,2.662,12937,0.1571,0.2011
