observed_at,player_id,player_code,web_name,team_id,team_code,team_name,position,price,price_change_gameweek,price_change_season,status,news,news_added,chance_of_playing_this_round,chance_of_playing_next_round,selected_by_percent,form,expected_points_this_gameweek,expected_points_next_gameweek,transfers_in_event,transfers_out_event,transfers_in_season,transfers_out_season,penalties_order,direct_free_kicks_order,corners_and_indirect_free_kicks_order
2026-09-02T04:38:11+00:00,1,154561,Raya,1,3,Arsenal,Goalkeeper,6.0,0.0,0.0,a,,,,,37.9,6.0,6.0,6.0,118464,125175,225198,207153,,,
2026-09-02T04:38:11+00:00,2,109745,Arrizabalaga,1,3,Arsenal,Goalkeeper,5.0,0.0,0.0,a,,,,,0.1,0.0,0.0,0.0,389,769,711,2158,,,
2026-09-02T04:38:11+00:00,3,437495,Meslier,1,3,Arsenal,Goalkeeper,5.0,0.0,0.0,a,,,,,0.0,0.0,0.0,0.0,92,288,193,780,,,
2026-09-02T04:38:11+00:00,4,226597,Gabriel,1,3,Arsenal,Defender,8.0,0.0,0.0,a,,,,,26.8,6.5,6.5,6.5,30203,198560,88968,322668,,,
2026-09-02T04:38:11+00:00,5,445122,J.Timber,1,3,Arsenal,Defender,6.5,0.0,0.0,i,Groin injury - Unknown return date,2026-07-23T12:01:23.272929Z,0,0,0.1,0.0,0.0,0.0,363,1737,764,4841,,,
2026-09-02T04:38:11+00:00,6,462424,Saliba,1,3,Arsenal,Defender,6.0,0.0,0.0,i,Back injury - Unknown return date,2026-07-23T12:01:23.289376Z,0,0,0.2,0.0,0.0,0.0,884,4117,1730,10933,,,
2026-09-02T04:38:11+00:00,7,499169,Lewis-Skelly,1,3,Arsenal,Midfielder,5.5,0.0,0.0,a,,,,,0.7,3.0,3.0,3.0,5674,7930,15367,16981,,,
2026-09-02T04:38:11+00:00,8,466075,Calafiori,1,3,Arsenal,Defender,5.6,0.0,0.1,a,,,,,43.2,10.0,10.0,10.0,283290,68458,593395,110091,,,
2026-09-02T04:38:11+00:00,9,448104,Hincapie,1,3,Arsenal,Defender,5.4,0.0,-0.1,a,,,,,1.3,0.5,0.5,0.5,3541,22261,7451,63307,,,
2026-09-02T04:38:11+00:00,10,198869,White,1,3,Arsenal,Defender,5.5,0.0,0.0,a,,2026-07-23T12:01:23.305229Z,100,100,7.2,9.0,9.0,9.0,95131,63037,240072,88092,,,
2026-09-02T04:38:11+00:00,11,500040,Mosquera,1,3,Arsenal,Defender,5.5,0.0,0.0,a,,,,,5.1,6.0,6.0,6.0,9590,52859,25000,98808,,,
2026-09-02T04:38:11+00:00,12,223340,Saka,1,3,Arsenal,Midfielder,9.5,0.0,0.0,a,,,,,10.5,10.0,10.0,10.0,68845,55804,157758,91034,1,,
2026-09-02T04:38:11+00:00,13,204480,Rice,1,3,Arsenal,Midfielder,7.5,0.0,0.0,a,,,,,15.2,4.0,4.0,4.0,14404,147961,49891,305683,,,
2026-09-02T04:38:11+00:00,14,232413,Eze,1,3,Arsenal,Midfielder,6.4,-0.1,-0.1,a,,,,,1.5,1.0,1.0,1.0,5310,25082,11026,69574,,,
2026-09-02T04:38:11+00:00,15,184029,Ødegaard,1,3,Arsenal,Midfielder,6.6,0.0,0.1,a,,,,,11.5,7.0,7.0,7.0,78665,93790,368224,130650,3,,
2026-09-02T04:38:11+00:00,16,248857,Madueke,1,3,Arsenal,Midfielder,6.4,0.0,-0.1,a,,,,,0.3,0.5,0.5,0.5,881,4760,2293,12991,,,
2026-09-02T04:38:11+00:00,17,195384,Merino,1,3,Arsenal,Midfielder,5.9,-0.1,-0.1,a,,,,,0.5,1.0,1.0,1.0,2250,9604,4672,24861,,,
2026-09-02T04:38:11+00:00,18,444145,Martinelli,1,3,Arsenal,Midfielder,6.3,-0.1,-0.2,a,,,,,0.2,0.0,0.0,0.0,848,3904,2166,10940,,,
2026-09-02T04:38:11+00:00,19,481655,Zubimendi,1,3,Arsenal,Midfielder,5.4,-0.1,-0.1,a,,,,,0.9,1.0,1.0,1.0,2782,12305,4361,32897,,,
2026-09-02T04:38:11+00:00,20,616077,Dowman,1,3,Arsenal,Midfielder,5.4,0.0,-0.1,a,,,,,0.1,0.0,0.0,0.0,463,1328,936,3658,,,
2026-09-02T04:38:11+00:00,22,499175,Nwaneri,1,3,Arsenal,Midfielder,5.4,-0.1,-0.1,a,,,,,0.0,0.0,0.0,0.0,150,239,226,563,,,
2026-09-02T04:38:11+00:00,23,438098,Fábio Vieira,1,3,Arsenal,Midfielder,5.5,0.0,0.0,a,,,,,0.0,0.0,0.0,0.0,160,159,240,374,,,
2026-09-02T04:38:11+00:00,24,200641,Nelson,1,3,Arsenal,Midfielder,5.5,0.0,0.0,u,has departed the club as a free agent.,2026-08-29T00:33:08.556767Z,,0,0.0,0.0,0.0,0.0,4,224,68,396,,,
2026-09-02T04:38:11+00:00,25,224117,Gyökeres,1,3,Arsenal,Forward,7.3,-0.1,-0.2,a,,,,,5.4,0.0,0.0,0.0,5496,115708,14272,353837,2,,
2026-09-02T04:38:11+00:00,26,219847,Havertz,1,3,Arsenal,Forward,7.5,0.0,0.0,a,,,,,7.1,4.0,4.0,4.0,46570,77372,234178,116197,,,
2026-09-02T04:38:11+00:00,27,205651,G.Jesus,1,3,Arsenal,Forward,5.9,-0.1,-0.1,a,,,,,0.3,0.0,0.0,0.0,2129,6074,4043,13252,,,
2026-09-02T04:38:11+00:00,31,199798,Konsa,1,3,Arsenal,Defender,4.4,-0.1,-0.1,a,,,,,10.5,0.5,0.5,0.5,129234,122641,179055,352228,,,
2026-09-02T04:38:11+00:00,452,208706,Bruno G.,1,3,Arsenal,Midfielder,6.9,0.0,-0.1,a,,2026-08-20T17:00:08.846118Z,75,100,2.2,0.5,0.4,0.5,2873,42260,3723,168815,4,,
2026-09-02T04:38:11+00:00,557,439509,Tzolis,1,3,Arsenal,Midfielder,6.5,0.0,0.0,a,,,,,22.7,3.0,3.0,3.0,75559,311767,312246,367467,,,
2026-09-02T04:38:11+00:00,29,72147,M.Bizot,2,7,Aston Villa,Goalkeeper,4.5,0.0,0.0,a,,,,,0.1,0.5,0.5,0.5,1633,1525,2478,2406,,,
2026-09-02T04:38:11+00:00,30,101188,Digne,2,7,Aston Villa,Defender,4.5,0.0,0.0,u,Has joined Paris Saint-Germain permanently,2026-08-10T14:03:30.089007Z,0,0,0.1,0.0,0.0,0.0,0,1540,0,6517,,,
2026-09-02T04:38:11+00:00,32,199796,Cash,2,7,Aston Villa,Defender,4.5,0.0,0.0,a,,,,,7.2,0.5,0.5,0.5,21441,47203,48419,153530,,,
2026-09-02T04:38:11+00:00,33,149484,Mings,2,7,Aston Villa,Defender,4.5,0.0,0.0,a,,,,,0.4,0.5,0.5,0.5,1885,3104,5138,6611,,,
2026-09-02T04:38:11+00:00,34,244954,Pau,2,7,Aston Villa,Defender,4.5,0.0,0.0,a,,,,,0.4,1.0,1.0,1.0,2463,2554,4294,7614,,,
2026-09-02T04:38:11+00:00,35,515597,Bogarde,2,7,Aston Villa,Midfielder,5.0,0.0,0.0,a,,,,,0.1,0.5,0.5,0.5,645,840,1281,1825,,,
2026-09-02T04:38:11+00:00,36,441302,Maatsen,2,7,Aston Villa,Defender,4.5,0.0,0.0,a,,,,,0.7,0.5,0.5,0.5,5193,4937,7739,13795,,,
2026-09-02T04:38:11+00:00,37,184667,Lindelöf,2,7,Aston Villa,Defender,4.5,0.0,0.0,a,,,,,0.3,0.0,0.0,0.0,1855,1805,3630,5816,,,
2026-09-02T04:38:11+00:00,38,606798,A.García,2,7,Aston Villa,Defender,4.0,0.0,0.0,a,,,,,1.7,0.0,0.0,0.0,10101,10672,17440,24595,,,
2026-09-02T04:38:11+00:00,39,578545,Nedeljkovic,2,7,Aston Villa,Defender,4.0,0.0,0.0,u,Has joined Rangers on loan for the rest of the season,2026-08-19T13:56:46.385411Z,0,0,0.2,0.0,0.0,0.0,0,2710,0,9948,,,
2026-09-02T04:38:11+00:00,41,195546,Buendía,2,7,Aston Villa,Midfielder,6.0,0.0,0.0,a,,,,,1.1,2.0,2.0,2.0,8313,13805,13333,35691,1,,
2026-09-02T04:38:11+00:00,44,215711,Bailey,2,7,Aston Villa,Midfielder,5.5,0.0,0.0,a,,,,,0.1,0.0,0.0,0.0,800,2075,1802,4732,,,
2026-09-02T04:38:11+00:00,45,122806,McGinn,2,7,Aston Villa,Midfielder,5.5,0.0,0.0,a,,,,,2.6,1.0,1.0,1.0,8896,26517,16502,71170,,,
2026-09-02T04:38:11+00:00,46,88894,Barkley,2,7,Aston Villa,Midfielder,5.0,0.0,0.0,a,,,,,0.2,2.0,2.0,2.0,3027,2378,4902,5094,,,
2026-09-02T04:38:11+00:00,47,226944,Kamara,2,7,Aston Villa,Midfielder,5.0,0.0,0.0,a,,2026-07-23T12:01:23.337269Z,100,100,0.3,2.0,2.0,2.0,3161,3659,5650,8398,,,
2026-09-02T04:38:11+00:00,48,449871,Onana,2,7,Aston Villa,Midfielder,5.0,0.0,0.0,i,Knee injury - Unknown return date,2026-07-23T12:01:23.352497Z,0,0,0.0,0.0,0.0,0.0,107,406,264,935,,,
2026-09-02T04:38:11+00:00,49,469247,Iling Jr,2,7,Aston Villa,Midfielder,5.0,0.0,0.0,u,Has joined Bolton Wanderers on loan for the rest of the season,2026-08-17T13:52:28.532616Z,0,0,0.0,0.0,0.0,0.0,0,52,0,172,,,
2026-09-02T04:38:11+00:00,50,645618,Burrowes,2,7,Aston Villa,Midfielder,4.5,0.0,0.0,a,,,,,0.7,0.0,0.0,0.0,5707,5916,9220,12684,,,
2026-09-02T04:38:11+00:00,51,577285,George Hemmings,2,7,Aston Villa,Midfielder,4.5,0.0,0.0,a,,,,,0.9,2.0,2.0,2.0,19144,7678,27887,13162,,,
2026-09-02T04:38:11+00:00,52,653481,Alysson,2,7,Aston Villa,Midfielder,5.0,0.0,0.0,a,,,,,0.0,0.5,0.5,0.5,493,564,836,1160,,,
2026-09-02T04:38:11+00:00,53,614071,Manzambi,2,7,Aston Villa,Midfielder,5.9,-0.1,-0.1,i,Knee injury - Unknown return date,2026-08-15T15:30:06.388335Z,0,0,0.2,0.0,0.0,0.0,235,3667,467,12457,,,
2026-09-02T04:38:11+00:00,54,448089,Gomes,2,7,Aston Villa,Midfielder,5.5,0.0,0.0,s,Suspended until 19 Sep,2026-08-23T17:30:08.367415Z,0,0,0.0,-1.0,0.0,0.0,54,801,208,2684,,,
2026-09-02T04:38:11+00:00,55,178301,Watkins,2,7,Aston Villa,Forward,7.8,-0.1,-0.2,u,Has joined Al Hilal permanently,2026-09-01T13:15:16.698799Z,,0,5.6,0.0,0.0,0.0,4250,176479,14882,452939,2,,
2026-09-02T04:38:11+00:00,56,173879,Abraham,2,7,Aston Villa,Forward,5.5,0.0,0.0,a,,2026-08-15T16:00:07.558543Z,50,100,0.1,0.5,0.2,0.5,1946,1730,2543,4413,,,
2026-09-02T04:38:11+00:00,160,493105,Garnacho,2,7,Aston Villa,Midfielder,5.9,-0.1,-0.1,a,,,,,0.5,1.0,1.0,1.0,1638,7577,3659,18152,,,
2026-09-02T04:38:11+00:00,166,517052,N.Jackson,2,7,Aston Villa,Forward,6.5,0.0,0.0,a,,,,,0.8,1.0,1.0,1.0,13458,3202,45786,16594,,,
2026-09-02T04:38:11+00:00,582,690838,Madjo,2,7,Aston Villa,Forward,5.5,0.0,0.0,i,Unspecified injury - Unknown return date,2026-08-15T16:00:07.974271Z,0,0,0.3,0.0,0.0,0.0,656,5941,1822,14864,,,
2026-09-02T04:38:11+00:00,596,487992,Ruggeri,2,7,Aston Villa,Defender,4.5,0.0,0.0,a,,,,,0.1,0.5,0.5,0.5,544,972,1400,2071,,,
2026-09-02T04:38:11+00:00,597,433969,Suzuki,2,7,Aston Villa,Goalkeeper,5.0,0.0,0.0,a,,,,,1.0,1.0,1.0,1.0,15648,6046,19877,12817,,,
2026-09-02T04:38:11+00:00,606,569577,Rowe,2,7,Aston Villa,Defender,4.0,0.0,0.0,a,,,,,0.1,0.0,0.0,0.0,4523,1091,6083,1337,,,
2026-09-02T04:38:11+00:00,607,571380,Lynch,2,7,Aston Villa,Midfielder,4.5,0.0,0.0,a,,,,,0.1,0.0,0.0,0.0,2691,1512,6294,2344,,,
2026-09-02T04:38:11+00:00,611,214590,Wan-Bissaka,2,7,Aston Villa,Defender,4.5,0.0,0.0,a,,,,,0.1,1.0,1.7,1.7,4322,1016,5871,1182,,,
2026-09-02T04:38:11+00:00,618,119090,Goretzka,2,7,Aston Villa,Midfielder,6.0,0.0,0.0,a,,,,,0.0,0.0,2.2,2.2,2326,515,2538,522,,,
2026-09-02T04:38:11+00:00,57,457569,Petrović,3,91,Bournemouth,Goalkeeper,4.5,0.0,0.0,a,,,,,3.4,2.5,2.5,2.5,27692,19854,53070,33907,,,
2026-09-02T04:38:11+00:00,58,40383,Forster,3,91,Bournemouth,Goalkeeper,4.0,0.0,0.0,a,,,,,3.3,0.0,0.0,0.0,21266,12151,30828,22804,,,
2026-09-02T04:38:11+00:00,59,444172,Dennis,3,91,Bournemouth,Goalkeeper,4.0,0.0,0.0,u,Has joined MK Dons permanently,2026-08-27T14:53:48.692835Z,0,0,0.2,0.0,0.0,0.0,0,1955,1133,3472,,,
2026-09-02T04:38:11+00:00,60,463981,Hill,3,91,Bournemouth,Defender,5.5,0.0,0.0,a,,,,,0.9,2.5,2.5,2.5,4399,6664,13552,13405,,,
2026-09-02T04:38:11+00:00,61,494521,Truffert,3,91,Bournemouth,Defender,5.5,0.0,0.0,a,,,,,3.9,2.5,2.5,2.5,7893,23988,28494,49809,,,
2026-09-02T04:38:11+00:00,62,242882,Diakité,3,91,Bournemouth,Defender,5.0,0.0,0.0,a,,,,,0.2,0.0,0.0,0.0,1287,2749,4009,5070,,,
2026-09-02T04:38:11+00:00,63,620487,Milosavljević,3,91,Bournemouth,Defender,5.0,0.0,0.0,i,Unspecified injury - Unknown return date,2026-08-06T10:00:10.456051Z,0,0,0.0,0.0,0.0,0.0,52,162,126,458,,,
2026-09-02T04:38:11+00:00,64,54469,Smith,3,91,Bournemouth,Defender,4.5,0.0,0.0,a,,,,,0.1,1.0,1.0,1.0,1059,1237,3904,2255,,,
2026-09-02T04:38:11+00:00,65,436893,J.Araujo,3,91,Bournemouth,Defender,4.5,0.0,0.0,i,Thigh injury - Unknown return date,2026-08-09T08:00:05.645826Z,0,0,0.0,0.0,0.0,0.0,60,274,148,780,,,
2026-09-02T04:38:11+00:00,66,575901,Soler,3,91,Bournemouth,Defender,4.0,0.0,0.0,a,,2026-08-15T16:30:07.021055Z,75,100,0.2,0.0,0.0,0.0,3624,1513,4040,3940,,,
2026-09-02T04:38:11+00:00,67,499604,Rayan,3,91,Bournemouth,Midfielder,6.5,0.0,0.0,a,,,,,2.4,2.0,2.0,2.0,7211,37131,30891,59310,,,
2026-09-02T04:38:11+00:00,68,201658,Tavernier,3,91,Bournemouth,Midfielder,6.0,0.0,0.0,a,,,,,2.4,5.5,5.5,5.5,17652,29386,104859,41817,3,,
2026-09-02T04:38:11+00:00,69,503139,Scott,3,91,Bournemouth,Midfielder,6.0,0.0,0.0,a,,,,,1.8,7.0,7.0,7.0,35525,10587,44045,23473,,,
2026-09-02T04:38:11+00:00,70,222683,Kluivert,3,91,Bournemouth,Midfielder,6.0,0.0,0.0,a,,,,,1.1,3.0,3.0,3.0,6289,14180,22610,23770,2,,
2026-09-02T04:38:11+00:00,71,155408,Cook,3,91,Bournemouth,Midfielder,5.0,0.0,0.0,a,,,,,0.2,3.0,3.0,3.0,4338,2386,7597,4093,,,
2026-09-02T04:38:11+00:00,72,496208,Gannon-Doak,3,91,Bournemouth,Midfielder,5.0,0.0,0.0,a,,,,,0.1,0.5,0.5,0.5,260,1010,625,1843,,,
2026-09-02T04:38:11+00:00,73,200785,Adams,3,91,Bournemouth,Midfielder,5.0,0.0,0.0,a,,2026-08-15T16:30:07.029928Z,100,100,0.2,1.0,1.0,1.0,3776,3198,6808,6053,,,
2026-09-02T04:38:11+00:00,74,111317,Brooks,3,91,Bournemouth,Midfielder,5.0,0.0,0.0,a,,2026-08-15T16:30:07.037929Z,100,100,0.1,0.5,0.5,0.5,786,610,1388,1305,,,
2026-09-02T04:38:11+00:00,75,158499,Christie,3,91,Bournemouth,Midfielder,5.0,0.0,0.0,a,,2026-07-24T17:30:10.035483Z,100,100,0.0,0.5,0.5,0.5,679,331,1239,527,,,
2026-09-02T04:38:11+00:00,76,614574,Tóth.A,3,91,Bournemouth,Midfielder,5.0,0.0,0.0,a,,,,,0.0,0.5,0.5,0.5,80,150,180,296,,,
2026-09-02T04:38:11+00:00,77,489888,Adli,3,91,Bournemouth,Midfielder,4.9,-0.1,-0.1,i,Unspecified injury - Unknown return date,2026-08-15T16:00:07.590566Z,0,0,0.0,0.0,0.0,0.0,100,459,154,1435,,,
2026-09-02T04:38:11+00:00,78,560262,Kroupi.Jr,3,91,Bournemouth,Midfielder,7.4,-0.1,-0.1,i,Foot injury - Unknown return date,2026-07-29T17:30:09.796802Z,0,0,0.3,0.0,0.0,0.0,188,5784,650,19192,1,,
2026-09-02T04:38:11+00:00,79,444102,Evanilson,3,91,Bournemouth,Forward,6.0,0.0,0.0,a,,,,,3.2,4.5,4.5,4.5,46285,25121,118910,44147,,,
2026-09-02T04:38:11+00:00,80,168636,Enes Ünal,3,91,Bournemouth,Forward,5.5,0.0,0.0,u,Has joined Getafe permanently,2026-08-14T14:14:21.881112Z,0,0,0.0,0.0,0.0,0.0,0,374,0,1444,,,
2026-09-02T04:38:11+00:00,81,561245,Rodríguez,3,91,Bournemouth,Forward,6.0,0.0,0.0,a,,2026-08-15T16:30:07.054142Z,100,100,0.1,0.5,0.5,0.5,907,1249,1907,2431,,,
2026-09-02T04:38:11+00:00,566,483067,Silva,3,91,Bournemouth,Defender,5.0,0.0,0.0,a,,,,,0.4,3.0,3.0,3.0,6478,3307,13843,5497,,,
2026-09-02T04:38:11+00:00,573,494928,Sanchez,3,91,Bournemouth,Defender,4.5,0.0,0.0,a,,,,,0.2,0.0,0.0,0.0,244,1475,696,2940,,,
2026-09-02T04:38:11+00:00,608,523700,Jebbison,3,91,Bournemouth,Forward,5.0,0.0,0.0,a,,,,,0.1,0.5,0.5,0.5,2946,1273,5423,1694,,,
2026-09-02T04:38:11+00:00,615,230650,Di Gregorio,3,91,Bournemouth,Goalkeeper,4.5,0.0,0.0,a,,,,,0.0,0.0,2.0,2.0,956,294,1197,321,,,
2026-09-02T04:38:11+00:00,82,200720,Kelleher,4,94,Brentford,Goalkeeper,5.0,0.0,0.0,a,,,,,7.0,4.5,4.5,4.5,60732,33088,135166,53012,,,
2026-09-02T04:38:11+00:00,83,507433,Valdimarsson,4,94,Brentford,Goalkeeper,4.5,0.0,0.0,a,,,,,0.1,0.0,0.0,0.0,560,854,1202,1744,,,
2026-09-02T04:38:11+00:00,84,432830,Collins,4,94,Brentford,Defender,5.5,0.0,0.0,a,,,,,2.2,4.5,4.5,4.5,15643,12039,40732,21412,,,
2026-09-02T04:38:11+00:00,85,444765,Van den Berg,4,94,Brentford,Defender,4.9,-0.1,-0.1,i,Groin injury - Unknown return date,2026-08-15T15:30:06.416627Z,0,0,0.1,0.0,0.0,0.0,88,1788,233,5911,,,
2026-09-02T04:38:11+00:00,86,249231,Lewis-Potter,4,94,Brentford,Midfielder,5.5,0.0,0.0,a,,,,,1.8,8.0,8.0,8.0,55441,14252,107983,20968,,,
2026-09-02T04:38:11+00:00,87,191866,Ajer,4,94,Brentford,Defender,4.5,0.0,0.0,a,,,,,4.7,5.5,5.5,5.5,75153,30503,145131,44405,,,
2026-09-02T04:38:11+00:00,88,607464,Kayode,4,94,Brentford,Defender,4.6,0.0,0.1,a,,,,,9.1,7.5,7.5,7.5,116562,47098,427365,68258,,,
2026-09-02T04:38:11+00:00,89,194010,Henry,4,94,Brentford,Defender,4.5,0.0,0.0,a,,,,,0.2,0.5,0.5,0.5,366,1289,910,3435,,,
2026-09-02T04:38:11+00:00,90,472713,Hickey,4,94,Brentford,Defender,4.5,0.0,0.0,a,,,,,0.1,1.0,1.0,1.0,447,559,1070,1099,,,
2026-09-02T04:38:11+00:00,92,570241,Ji-soo,4,94,Brentford,Defender,4.5,0.0,0.0,a,,,,,0.0,0.0,0.0,0.0,98,181,210,379,,,
2026-09-02T04:38:11+00:00,93,513086,Schuster,4,94,Brentford,Defender,4.5,0.0,0.0,a,,,,,0.2,0.0,0.0,0.0,105,862,247,2068,,,
2026-09-02T04:38:11+00:00,94,513418,Schade,4,94,Brentford,Midfielder,6.0,0.0,0.0,a,,,,,3.9,6.5,6.5,6.5,59455,25730,84453,51519,2,,
2026-09-02T04:38:11+00:00,95,533463,O.Dango,4,94,Brentford,Midfielder,6.5,0.0,0.0,a,,,,,0.9,2.0,2.0,2.0,2572,16575,9920,27527,,,
2026-09-02T04:38:11+00:00,96,440089,Damsgaard,4,94,Brentford,Midfielder,5.5,0.0,0.0,a,,,,,0.5,2.0,2.0,2.0,2082,4484,4400,12028,,,
2026-09-02T04:38:11+00:00,97,207283,Jensen,4,94,Brentford,Midfielder,5.5,0.0,0.0,d,Unspecified injury - 75% chance of playing,2026-08-30T12:30:08.176795Z,,75,0.2,3.0,3.0,2.2,535,3957,4393,5294,3,,
2026-09-02T04:38:11+00:00,98,204580,Janelt,4,94,Brentford,Midfielder,5.0,0.0,0.0,a,,,,,0.6,5.0,5.0,5.0,19338,8385,53097,12670,,,
2026-09-02T04:38:11+00:00,99,543295,Milambo,4,94,Brentford,Midfielder,5.0,0.0,0.0,i,Knee injury - Unknown return date,2026-07-23T12:01:23.384798Z,0,0,0.0,0.0,0.0,0.0,20,22,48,67,,,
2026-09-02T04:38:11+00:00,100,244858,Carvalho,4,94,Brentford,Midfielder,5.0,0.0,0.0,a,,2026-08-18T13:58:17.442072Z,100,100,0.0,0.0,0.0,0.0,344,233,499,479,,,
2026-09-02T04:38:11+00:00,102,508395,Yarmoliuk,4,94,Brentford,Midfielder,5.0,0.0,0.0,a,,,,,1.0,1.0,1.0,1.0,552,11223,1297,24402,,,
2026-09-02T04:38:11+00:00,103,183656,Dasilva,4,94,Brentford,Midfielder,5.0,0.0,0.0,a,,,,,0.0,0.0,0.0,0.0,120,325,284,678,,,
2026-09-02T04:38:11+00:00,105,444180,Anthony,4,94,Brentford,Midfielder,6.0,0.0,0.0,a,,,,,0.2,1.5,1.5,1.5,1040,2134,2998,4525,,,
2026-09-02T04:38:11+00:00,106,502500,Thiago,4,94,Brentford,Forward,8.0,0.0,0.0,a,,,,,14.6,1.0,1.0,1.0,35398,194066,127170,335233,1,,
2026-09-02T04:38:11+00:00,107,593174,Furo,4,94,Brentford,Forward,4.5,0.0,0.0,a,,,,,1.0,0.0,0.0,0.0,16549,8402,24740,16845,,,
2026-09-02T04:38:11+00:00,108,75115,Wilson,4,94,Brentford,Forward,5.5,0.0,0.0,a,,,,,0.4,1.0,1.0,1.0,3461,4629,7812,9437,,,
2026-09-02T04:38:11+00:00,565,513545,M.Sangaré,4,94,Brentford,Midfielder,5.7,0.1,0.2,a,,,,,12.6,9.0,9.0,9.0,324046,71172,767808,94512,,,
2026-09-02T04:38:11+00:00,620,613804,Diouf,4,94,Brentford,Defender,4.5,0.0,0.0,a,,,,,0.1,0.0,1.7,1.7,7079,2005,7679,2042,,,
2026-09-02T04:38:11+00:00,109,489639,Verbruggen,5,36,Brighton,Goalkeeper,4.5,0.0,0.0,a,,,,,21.6,3.0,3.0,3.0,139183,85590,223939,131070,,,
2026-09-02T04:38:11+00:00,111,49262,Steele,5,36,Brighton,Goalkeeper,4.0,0.0,0.0,a,,,,,4.1,0.0,0.0,0.0,30385,17256,41099,31300,,,
2026-09-02T04:38:11+00:00,113,231416,F.Kadıoğlu,5,36,Brighton,Defender,4.4,-0.1,-0.1,a,,2026-08-23T13:00:07.595211Z,100,100,2.1,0.0,0.0,0.0,7973,18923,10553,70327,,,
2026-09-02T04:38:11+00:00,114,204120,Boscagli,5,36,Brighton,Defender,4.5,0.0,0.0,a,,,,,0.3,2.5,2.5,2.5,3684,2534,7787,4093,,,
2026-09-02T04:38:11+00:00,115,465730,De Cuyper,5,36,Brighton,Defender,4.7,0.1,0.2,a,,,,,14.0,8.5,8.5,8.5,471446,64845,966444,86003,,,
2026-09-02T04:38:11+00:00,116,83299,Dunk,5,36,Brighton,Defender,4.5,0.0,0.0,a,,,,,1.2,2.5,2.5,2.5,12235,8662,25578,13972,,,
2026-09-02T04:38:11+00:00,117,550090,Coppola,5,36,Brighton,Defender,4.5,0.0,0.0,a,,,,,0.0,0.0,0.0,0.0,166,185,357,409,,,
2026-09-02T04:38:11+00:00,118,223434,Igor,5,36,Brighton,Defender,4.5,0.0,0.0,a,,,,,0.1,0.0,0.0,0.0,402,712,873,1587,,,
2026-09-02T04:38:11+00:00,119,451490,Costinha,5,36,Brighton,Defender,4.5,0.0,0.0,a,,,,,0.0,0.5,0.5,0.5,228,310,513,536,,,
2026-09-02T04:38:11+00:00,120,454490,Svoboda,5,36,Brighton,Defender,5.0,0.0,0.0,a,,,,,0.1,0.0,0.0,0.0,566,671,1334,1355,,,
2026-09-02T04:38:11+00:00,121,451340,Mitoma,5,36,Brighton,Midfielder,6.0,0.0,0.0,i,Hamstring injury - Unknown return date,2026-07-24T18:30:10.661894Z,0,0,0.0,0.0,0.0,0.0,96,692,255,1929,,,
2026-09-02T04:38:11+00:00,122,592031,Minteh,5,36,Brighton,Midfielder,5.9,-0.1,-0.1,i,Leg injury - Expected back 28 Nov,2026-08-14T18:00:06.418033Z,0,0,0.0,0.0,0.0,0.0,66,1386,206,4907,,,
2026-09-02T04:38:11+00:00,123,532529,Hinshelwood,5,36,Brighton,Midfielder,6.0,0.0,0.0,d,Unspecified injury - 50% chance of playing,2026-08-27T19:30:07.780933Z,25,50,1.5,8.0,2.0,4.0,5319,70689,145147,108774,,,
2026-09-02T04:38:11+00:00,124,60307,Groß,5,36,Brighton,Midfielder,5.5,0.0,0.0,a,,,,,14.2,7.5,7.5,7.5,212041,57265,236220,163138,1,,
2026-09-02T04:38:11+00:00,125,463067,Georginio,5,36,Brighton,Forward,5.5,0.0,0.0,d,Unspecified injury - 75% chance of playing,2026-08-26T16:00:07.608056Z,75,75,0.8,2.5,1.9,1.9,3446,16543,27333,31550,,,
2026-09-02T04:38:11+00:00,126,219249,O'Riley,5,36,Brighton,Midfielder,5.5,0.0,0.0,a,,,,,0.1,0.0,0.0,0.0,660,1322,1316,2674,3,,
2026-09-02T04:38:11+00:00,127,514254,Gomez,5,36,Brighton,Midfielder,5.0,0.0,0.0,a,,,,,4.4,5.5,5.5,5.5,85735,30411,109687,47283,,,
2026-09-02T04:38:11+00:00,128,536916,Buonanotte,5,36,Brighton,Midfielder,5.0,0.0,0.0,u,Has joined Elche on loan for the rest of the season,2026-08-10T14:03:07.561436Z,0,0,0.0,0.0,0.0,0.0,0,72,0,245,,,
2026-09-02T04:38:11+00:00,129,509416,Ayari,5,36,Brighton,Midfielder,5.5,0.0,0.0,d,Ankle injury - 75% chance of playing,2026-08-30T18:00:07.935334Z,,75,0.5,1.0,1.0,0.8,1335,12476,4669,20087,,,
2026-09-02T04:38:11+00:00,130,467779,Wieffer,5,36,Brighton,Defender,5.0,0.0,0.0,a,,,,,0.5,3.5,3.5,3.5,9139,5187,22567,8244,,,
2026-09-02T04:38:11+00:00,132,597320,Howell,5,36,Brighton,Midfielder,4.5,0.0,0.0,u,Has joined Leicester City on loan for the rest of the season,2026-08-17T13:53:19.019938Z,0,0,0.0,0.0,0.0,0.0,0,712,0,2244,,,
2026-09-02T04:38:11+00:00,133,549074,Watson,5,36,Brighton,Midfielder,5.0,0.0,0.0,u,Has joined Leicester City on loan for the rest of the season,2026-08-03T14:05:44.459483Z,0,0,0.0,0.0,0.0,0.0,0,33,0,89,,,
2026-09-02T04:38:11+00:00,134,556637,Oriola,5,36,Brighton,Midfielder,4.5,0.0,0.0,a,,,,,0.3,0.0,0.0,0.0,2212,2385,3920,5165,,,
2026-09-02T04:38:11+00:00,135,700308,Yohanna,5,36,Brighton,Midfielder,5.0,0.0,0.0,a,,,,,0.1,0.5,0.5,0.5,318,969,691,1848,,,
2026-09-02T04:38:11+00:00,137,608181,Tzimas,5,36,Brighton,Forward,5.5,0.0,0.0,i,Knee injury - Unknown return date,2026-07-23T12:01:23.432796Z,0,0,0.0,0.0,0.0,0.0,55,137,139,389,,,
2026-09-02T04:38:11+00:00,138,647850,Kostoulas,5,36,Brighton,Forward,5.5,0.0,0.0,a,,,,,0.4,3.0,3.0,3.0,14205,3155,15589,5306,,,
2026-09-02T04:38:11+00:00,139,487117,Ferguson,5,36,Brighton,Forward,5.0,0.0,0.0,i,Ankle injury - Expected back 10 Oct,2026-07-23T12:01:23.448357Z,0,0,0.0,0.0,0.0,0.0,378,492,696,1115,,,
2026-09-02T04:38:11+00:00,328,222694,Struijk,5,36,Brighton,Defender,5.0,0.0,0.0,a,,2026-08-15T20:30:07.523574Z,100,100,0.2,0.0,0.0,0.0,1014,2343,2430,4897,,,
2026-09-02T04:38:11+00:00,504,610799,Vuskovic,5,36,Brighton,Defender,5.0,0.0,0.0,a,,,,,2.4,3.0,3.0,3.0,13816,19826,35002,32173,,,
2026-09-02T04:38:11+00:00,594,538007,David,5,36,Brighton,Forward,6.0,0.0,0.0,a,,,,,0.3,0.5,0.5,0.5,2591,3465,5110,7606,2,,
2026-09-02T04:38:11+00:00,600,612855,Osman,5,36,Brighton,Midfielder,5.0,0.0,0.0,a,,,,,0.0,1.0,1.0,1.0,203,170,421,313,,,
2026-09-02T04:38:11+00:00,605,611695,Yalcouyé,5,36,Brighton,Midfielder,4.5,0.0,0.0,a,,,,,1.3,4.5,4.5,4.5,107597,15375,111936,16327,,,
2026-09-02T04:38:11+00:00,614,512123,Hadjam,5,36,Brighton,Defender,4.5,0.0,0.0,a,,,,,0.0,0.0,1.7,1.7,1397,343,2403,397,,,
2026-09-02T04:38:11+00:00,624,519324,Cozier-Duberry,5,36,Brighton,Midfielder,5.0,0.0,0.0,a,,,,,0.0,0.0,1.5,1.5,104,36,104,36,,,
2026-09-02T04:38:11+00:00,28,98980,Martinez,6,8,Chelsea,Goalkeeper,5.0,0.0,0.0,a,,,,,4.4,1.0,1.0,1.0,44888,33704,74274,98618,,,
2026-09-02T04:38:11+00:00,40,244850,Rogers,6,8,Chelsea,Midfielder,7.5,0.0,0.0,a,,,,,25.2,6.5,6.5,6.5,147184,177586,399035,249335,,,
2026-09-02T04:38:11+00:00,101,56979,Henderson,6,8,Chelsea,Midfielder,5.0,0.0,0.0,d,Wrist injury - 75% chance of playing,2026-08-09T09:30:07.136250Z,75,75,0.0,0.0,0.0,0.0,148,525,362,1216,,,
2026-09-02T04:38:11+00:00,136,50175,Welbeck,6,8,Chelsea,Forward,5.9,-0.1,-0.1,a,,2026-08-20T14:00:07.949090Z,100,100,0.9,0.0,0.0,0.0,5346,16366,8482,38791,,,
2026-09-02T04:38:11+00:00,140,215059,Sánchez,6,8,Chelsea,Goalkeeper,4.9,-0.1,-0.1,a,,,,,1.7,1.0,1.0,1.0,1816,47093,10740,74284,,,
2026-09-02T04:38:11+00:00,141,508479,Jörgensen,6,8,Chelsea,Goalkeeper,5.0,0.0,0.0,u,Has joined RC Strasbourg on loan for the rest of the season,2026-08-12T14:07:02.607115Z,0,0,0.0,0.0,0.0,0.0,0,198,0,699,,,
2026-09-02T04:38:11+00:00,142,225796,James,6,8,Chelsea,Defender,5.5,0.0,0.0,a,,,,,8.7,0.5,0.5,0.5,20246,128822,82771,210140,,,
2026-09-02T04:38:11+00:00,143,180736,Chalobah,6,8,Chelsea,Defender,5.5,0.0,0.0,u,Has joined Como permanently,2026-08-10T14:03:50.769483Z,0,0,0.1,0.0,0.0,0.0,0,2659,0,10717,,,
2026-09-02T04:38:11+00:00,144,482609,Gusto,6,8,Chelsea,Defender,5.0,0.0,0.0,a,,,,,1.2,1.0,1.0,1.0,7465,13512,20790,24459,,,
2026-09-02T04:38:11+00:00,145,444463,Fofana,6,8,Chelsea,Defender,5.0,0.0,0.0,a,,2026-07-23T12:01:23.464591Z,100,100,0.1,0.0,0.0,0.0,1979,848,2792,1109,,,
2026-09-02T04:38:11+00:00,146,242880,B.Badiashile,6,8,Chelsea,Defender,4.5,0.0,0.0,u,Has joined Napoli on loan for the rest of the season,2026-08-25T14:03:47.079414Z,0,0,0.0,0.0,0.0,0.0,0,537,232,1337,,,
2026-09-02T04:38:11+00:00,147,109646,Tosin,6,8,Chelsea,Defender,4.5,0.0,0.0,a,,,,,0.2,0.0,0.0,0.0,271,1630,534,3750,,,
2026-09-02T04:38:11+00:00,148,551210,Hato,6,8,Chelsea,Defender,4.5,0.0,0.0,a,,,,,0.6,2.5,2.5,2.5,15086,6212,19444,10696,,,
2026-09-02T04:38:11+00:00,149,460028,Colwill,6,8,Chelsea,Defender,5.0,0.0,0.0,a,,,,,1.3,0.5,0.5,0.5,5937,19863,16508,37642,,,
2026-09-02T04:38:11+00:00,150,574458,M.Sarr,6,8,Chelsea,Defender,4.5,0.0,0.0,u,Has joined Real Sociedad on loan for the rest of the season,2026-08-29T00:34:23.077418Z,,0,0.1,0.0,0.0,0.0,24,2499,429,3448,,,
2026-09-02T04:38:11+00:00,151,577016,Acheampong,6,8,Chelsea,Defender,4.5,0.0,0.0,a,,,,,0.4,2.0,2.0,2.0,3682,4470,11747,7604,,,
2026-09-02T04:38:11+00:00,152,620109,Palestra,6,8,Chelsea,Defender,5.4,-0.1,-0.1,d,Unspecified injury - 75% chance of playing,2026-08-24T18:30:07.421239Z,75,75,1.6,0.0,0.0,0.0,519,48422,5479,118359,,,
2026-09-02T04:38:11+00:00,154,244851,Palmer,6,8,Chelsea,Midfielder,9.6,0.1,0.1,a,,2026-08-24T22:00:07.971542Z,100,100,18.2,10.0,10.0,10.0,253595,102458,630467,134418,1,,
2026-09-02T04:38:11+00:00,155,448047,Enzo,6,8,Chelsea,Midfielder,6.9,-0.1,-0.1,a,,,,,3.5,0.5,0.5,0.5,11921,95023,26875,184188,2,,
2026-09-02T04:38:11+00:00,156,247632,Neto,6,8,Chelsea,Midfielder,6.5,0.0,0.0,a,,,,,1.3,4.0,4.0,4.0,15635,12240,21270,35602,,,
2026-09-02T04:38:11+00:00,157,624773,Estêvão,6,8,Chelsea,Midfielder,6.4,-0.1,-0.1,a,,,,,0.9,0.5,0.5,0.5,2603,24156,8167,47940,3,,
2026-09-02T04:38:11+00:00,158,463936,Gittens,6,8,Chelsea,Midfielder,5.9,-0.1,-0.1,a,,,,,0.0,0.0,0.0,0.0,187,683,458,1456,,,
2026-09-02T04:38:11+00:00,159,486672,Caicedo,6,8,Chelsea,Midfielder,5.4,-0.1,-0.1,d,Unspecified injury - 75% chance of playing,2026-08-30T16:00:08.393562Z,75,75,2.2,0.5,0.4,0.4,2620,61696,12101,160019,,,
2026-09-02T04:38:11+00:00,161,514356,Lavia,6,8,Chelsea,Midfielder,5.0,0.0,0.0,a,,,,,0.2,4.0,4.0,4.0,8511,2079,9684,2998,,,
2026-09-02T04:38:11+00:00,163,491007,D.Essugo,6,8,Chelsea,Midfielder,4.5,0.0,0.0,a,,,,,0.2,0.0,0.0,0.0,1328,2073,2580,4960,,,
2026-09-02T04:38:11+00:00,164,593117,Quenda,6,8,Chelsea,Midfielder,5.4,-0.1,-0.1,a,,2026-07-24T20:30:10.609931Z,100,100,0.0,0.5,0.5,0.5,215,813,446,1633,,,
2026-09-02T04:38:11+00:00,165,475168,João Pedro,6,8,Chelsea,Forward,7.7,0.1,0.2,a,,,,,69.9,10.0,10.0,10.0,290585,81591,695773,109756,,,
2026-09-02T04:38:11+00:00,168,499309,Marc Guiu,6,8,Chelsea,Forward,5.0,0.0,0.0,u,Has joined RB Leipzig permanently,2026-09-01T13:24:48.857362Z,,0,0.4,0.0,0.0,0.0,1924,6692,4102,12838,,,
2026-09-02T04:38:11+00:00,169,567119,Mheuka,6,8,Chelsea,Forward,4.5,0.0,0.0,a,,,,,0.4,0.0,0.0,0.0,5050,3755,7979,8164,,,
2026-09-02T04:38:11+00:00,170,503037,Emegha,6,8,Chelsea,Forward,5.0,0.0,0.0,a,,2026-07-24T20:30:10.622380Z,100,100,0.1,0.0,0.0,0.0,1555,2244,3005,4578,,,
2026-09-02T04:38:11+00:00,200,437499,Lacroix,6,8,Chelsea,Defender,6.0,0.0,0.0,a,,,,,8.7,3.5,3.5,3.5,25835,91834,89357,136641,,,
2026-09-02T04:38:11+00:00,560,549939,Penders,6,8,Chelsea,Goalkeeper,4.5,0.0,0.0,a,,,,,0.1,0.0,0.0,0.0,240,808,635,1573,,,
2026-09-02T04:38:11+00:00,561,622758,Anselmino,6,8,Chelsea,Defender,4.5,0.0,0.0,a,,2026-08-23T19:00:08.536705Z,100,100,0.0,0.0,0.0,0.0,151,174,273,620,,,
2026-09-02T04:38:11+00:00,568,543158,Barco,6,8,Chelsea,Midfielder,5.5,0.0,0.0,a,,,,,0.1,0.5,0.5,0.5,748,1270,1276,2931,,,
2026-09-02T04:38:11+00:00,578,465920,Mudryk,6,8,Chelsea,Midfielder,5.4,-0.1,-0.1,a,,,,,0.0,0.0,0.0,0.0,884,928,1118,1904,,,
2026-09-02T04:38:11+00:00,583,498444,Chavarria,6,8,Chelsea,Defender,5.0,0.0,0.0,a,,,,,0.2,1.0,1.0,1.0,478,2485,1559,5043,,,
2026-09-02T04:38:11+00:00,91,231065,Pinnock,7,9,Coventry City,Defender,4.5,0.0,0.0,a,,,,,0.1,0.5,0.5,0.5,357,789,931,1760,,,
2026-09-02T04:38:11+00:00,104,428580,Onyeka,7,9,Coventry City,Midfielder,5.0,0.0,0.0,a,,,,,0.1,1.0,1.0,1.0,261,2183,2717,3783,,,
2026-09-02T04:38:11+00:00,110,472739,Rushworth,7,9,Coventry City,Goalkeeper,4.5,0.0,0.0,a,,,,,1.1,1.5,1.5,1.5,1659,9891,13590,14563,,,
2026-09-02T04:38:11+00:00,171,484389,Dovin,7,9,Coventry City,Goalkeeper,4.0,0.0,0.0,a,,,,,1.5,0.0,0.0,0.0,5045,6058,7679,12469,,,
2026-09-02T04:38:11+00:00,172,110690,Wilson,7,9,Coventry City,Goalkeeper,4.5,0.0,0.0,a,,,,,0.4,0.0,0.0,0.0,138,2629,365,6069,,,
2026-09-02T04:38:11+00:00,173,461102,Thomas,7,9,Coventry City,Defender,4.0,0.0,0.0,a,,,,,8.3,5.5,5.5,5.5,69861,37873,107972,61763,,,
2026-09-02T04:38:11+00:00,174,436761,Kitching,7,9,Coventry City,Defender,4.0,0.0,0.0,a,,,,,0.6,0.0,0.0,0.0,409,3744,929,8530,,,
2026-09-02T04:38:11+00:00,175,451284,van Ewijk,7,9,Coventry City,Defender,4.0,0.0,0.0,a,,,,,12.2,1.5,1.5,1.5,26760,74529,61211,124387,,,
2026-09-02T04:38:11+00:00,176,173878,Dasilva,7,9,Coventry City,Defender,4.0,0.0,0.0,a,,,,,0.8,1.5,1.5,1.5,1521,3701,4745,7755,,,
2026-09-02T04:38:11+00:00,177,465390,Kesler-Hayden,7,9,Coventry City,Defender,4.0,0.0,0.0,i,Hamstring injury - Unknown return date,2026-08-27T14:56:28.704361Z,0,0,0.0,0.0,0.0,0.0,72,840,240,1590,,,
2026-09-02T04:38:11+00:00,178,80178,Bidwell,7,9,Coventry City,Defender,4.0,0.0,0.0,a,,,,,0.1,0.0,0.0,0.0,315,643,821,1387,,,
2026-09-02T04:38:11+00:00,179,204813,Latibeaudiere,7,9,Coventry City,Defender,4.0,0.0,0.0,a,,,,,0.0,0.0,0.0,0.0,164,271,324,691,,,
2026-09-02T04:38:11+00:00,180,220583,Woolfenden,7,9,Coventry City,Defender,4.0,0.0,0.0,i,Knee injury - Unknown return date,2026-08-27T14:56:28.718566Z,0,0,0.1,0.0,0.0,0.0,413,2256,1359,4484,,,
2026-09-02T04:38:11+00:00,181,577411,Brau,7,9,Coventry City,Defender,4.0,0.0,0.0,u,Has joined Academico de Viseu on loan for the rest of the season,2026-08-29T00:35:59.980316Z,,0,0.0,0.0,0.0,0.0,19,685,275,1023,,,
2026-09-02T04:38:11+00:00,182,539142,Amenda,7,9,Coventry City,Defender,4.0,0.0,0.0,a,,,,,0.8,1.0,1.0,1.0,1611,4668,4939,9179,,,
2026-09-02T04:38:11+00:00,183,480457,Rudoni,7,9,Coventry City,Midfielder,5.0,0.0,0.0,a,,2026-07-23T12:01:23.481435Z,100,100,0.1,2.0,2.0,2.0,496,1381,1746,2680,,,
2026-09-02T04:38:11+00:00,184,168144,Grimes,7,9,Coventry City,Midfielder,5.0,0.0,0.0,a,,,,,0.2,2.0,2.0,2.0,332,2012,2622,3628,3,,
2026-09-02T04:38:11+00:00,185,501459,Sakamoto,7,9,Coventry City,Midfielder,4.9,-0.1,-0.1,a,,,,,0.1,0.5,0.5,0.5,128,1025,265,2480,,,
2026-09-02T04:38:11+00:00,186,241293,Mason-Clark,7,9,Coventry City,Midfielder,5.5,0.0,0.0,a,,2026-08-19T18:00:08.310507Z,100,100,0.1,0.5,0.5,0.5,133,1195,622,2773,,,
2026-09-02T04:38:11+00:00,187,439668,Eccles,7,9,Coventry City,Midfielder,4.9,-0.1,-0.1,a,,,,,0.0,0.0,0.0,0.0,357,278,426,577,,,
2026-09-02T04:38:11+00:00,188,226965,Torp,7,9,Coventry City,Midfielder,5.5,0.0,0.0,a,,,,,0.1,1.0,1.0,1.0,41,1699,590,3523,2,,
2026-09-02T04:38:11+00:00,189,684268,Shepherd,7,9,Coventry City,Midfielder,4.5,0.0,0.0,a,,,,,0.3,0.0,0.0,0.0,1057,2334,2070,5505,,,
2026-09-02T04:38:11+00:00,190,469272,Tchaouna,7,9,Coventry City,Midfielder,5.5,0.0,0.0,a,,,,,0.1,1.5,1.5,1.5,85,1770,2847,3221,,,
2026-09-02T04:38:11+00:00,191,492498,Borges Rodrigues,7,9,Coventry City,Midfielder,4.5,0.0,0.0,a,,,,,0.2,0.0,0.0,0.0,1163,1601,1843,3474,,,
2026-09-02T04:38:11+00:00,192,629397,Andrews,7,9,Coventry City,Midfielder,4.5,0.0,0.0,u,Has joined Oxford United on loan for the rest of the season,2026-08-29T00:35:59.998520Z,,0,0.5,0.0,0.0,0.0,142,12219,2718,19413,,,
2026-09-02T04:38:11+00:00,193,176412,Wright,7,9,Coventry City,Forward,5.4,-0.1,-0.1,i,Thigh injury - Unknown return date,2026-08-14T22:00:07.214508Z,0,0,0.1,0.0,0.0,0.0,116,2394,223,7819,1,,
2026-09-02T04:38:11+00:00,194,230730,Thomas-Asante,7,9,Coventry City,Forward,5.0,0.0,0.0,a,,,,,0.8,1.5,1.5,1.5,11404,10688,25998,18576,4,,
2026-09-02T04:38:11+00:00,195,218997,Simms,7,9,Coventry City,Forward,5.0,0.0,0.0,a,,,,,0.9,1.0,1.0,1.0,7130,13140,27066,22743,,,
2026-09-02T04:38:11+00:00,196,551262,Markelo,7,9,Coventry City,Forward,5.0,0.0,0.0,u,Has joined Shabab Al-Ahli Dubai permanently,2026-08-17T13:53:55.791223Z,0,0,0.0,0.0,0.0,0.0,0,223,0,813,,,
2026-09-02T04:38:11+00:00,197,549653,Bassette,7,9,Coventry City,Forward,4.5,0.0,0.0,u,Has joined KVC Westerlo on loan for the rest of the season,2026-07-28T12:58:50.001768Z,0,0,0.0,0.0,0.0,0.0,0,417,0,1205,,,
2026-09-02T04:38:11+00:00,492,210156,Awoniyi,7,9,Coventry City,Forward,5.5,0.0,0.0,a,,,,,0.7,1.5,1.5,1.5,3202,9870,11856,19163,5,,
2026-09-02T04:38:11+00:00,575,661888,Yirenkyi,7,9,Coventry City,Midfielder,5.0,0.0,0.0,a,,,,,0.2,2.0,2.0,2.0,548,2457,1545,5032,,,
2026-09-02T04:38:11+00:00,584,196100,Hamer,7,9,Coventry City,Midfielder,5.5,0.0,0.0,a,,,,,0.1,1.0,1.0,1.0,120,1341,506,2769,,,
2026-09-02T04:38:11+00:00,599,627221,Cherif,7,9,Coventry City,Forward,5.0,0.0,0.0,a,,,,,0.1,0.0,0.0,0.0,1569,1480,3293,2874,,,
2026-09-02T04:38:11+00:00,623,79602,Bentley,7,9,Coventry City,Goalkeeper,4.0,0.0,0.0,a,,,,,0.1,0.0,1.0,1.0,7596,1087,7596,1087,,,
2026-09-02T04:38:11+00:00,42,485337,Guessand,8,31,Crystal Palace,Midfielder,5.5,0.0,0.0,a,,,,,0.0,1.0,1.0,1.0,333,655,816,1278,,,
2026-09-02T04:38:11+00:00,153,220362,Disasi,8,31,Crystal Palace,Defender,4.5,0.0,0.0,a,,,,,0.1,0.5,0.5,0.5,879,639,1404,1487,,,
2026-09-02T04:38:11+00:00,198,172649,Henderson,8,31,Crystal Palace,Goalkeeper,5.0,0.0,0.0,a,,2026-08-20T14:00:08.018379Z,100,100,1.8,1.5,1.5,1.5,8393,12150,14297,25924,,,
2026-09-02T04:38:11+00:00,199,121709,Benitez,8,31,Crystal Palace,Goalkeeper,4.5,0.0,0.0,a,,,,,0.1,0.0,0.0,0.0,400,840,868,2216,,,
2026-09-02T04:38:11+00:00,202,427623,Richards,8,31,Crystal Palace,Defender,5.0,0.0,0.0,a,,,,,0.7,1.5,1.5,1.5,2879,7342,7087,13796,,,
2026-09-02T04:38:11+00:00,203,651426,Canvot,8,31,Crystal Palace,Defender,5.0,0.0,0.0,a,,,,,0.3,0.5,0.5,0.5,817,3575,1638,7596,,,
2026-09-02T04:38:11+00:00,204,244723,Mitchell,8,31,Crystal Palace,Defender,4.5,0.0,0.0,a,,,,,4.9,0.5,0.5,0.5,5432,47687,11397,98026,,,
2026-09-02T04:38:11+00:00,205,218364,Sosa,8,31,Crystal Palace,Defender,4.5,0.0,0.0,a,,,,,0.0,0.0,0.0,0.0,98,282,224,634,,,
2026-09-02T04:38:11+00:00,206,515621,Chadi Riad,8,31,Crystal Palace,Defender,4.4,-0.1,-0.1,i,Knee injury - Unknown return date,2026-08-22T18:00:07.352049Z,0,0,0.0,0.5,0.0,0.0,118,1153,438,3996,,,
2026-09-02T04:38:11+00:00,207,242313,Mingueza,8,31,Crystal Palace,Defender,4.4,-0.1,-0.1,a,,,,,0.1,0.5,0.5,0.5,223,729,422,2009,,,
2026-09-02T04:38:11+00:00,208,232185,Sarr,8,31,Crystal Palace,Midfielder,6.3,-0.1,-0.2,i,Groin injury - Unknown return date,2026-08-22T18:00:07.363165Z,0,0,1.5,0.0,0.0,0.0,206,76045,2308,282623,2,,
2026-09-02T04:38:11+00:00,210,496221,Wharton,8,31,Crystal Palace,Midfielder,5.5,0.0,0.0,a,,2026-07-23T12:01:23.498963Z,100,100,0.9,3.0,3.0,3.0,6308,8748,13018,16548,,,
2026-09-02T04:38:11+00:00,211,488024,Yeremy,8,31,Crystal Palace,Midfielder,5.5,0.0,0.0,a,,,,,0.2,3.0,3.0,3.0,2934,1472,3248,3930,,,
2026-09-02T04:38:11+00:00,212,108413,Hughes,8,31,Crystal Palace,Midfielder,4.5,0.0,0.0,a,,,,,9.9,0.0,0.0,0.0,24623,82964,44805,173144,,,
2026-09-02T04:38:11+00:00,213,152551,Lerma,8,31,Crystal Palace,Midfielder,4.9,-0.1,-0.1,a,,,,,0.1,0.0,0.0,0.0,162,1104,366,2554,,,
2026-09-02T04:38:11+00:00,214,209400,Kamada,8,31,Crystal Palace,Midfielder,5.0,0.0,0.0,a,,,,,0.3,2.5,2.5,2.5,2692,2824,4636,5918,,,
2026-09-02T04:38:11+00:00,215,489706,Devenny,8,31,Crystal Palace,Midfielder,5.0,0.0,0.0,a,,,,,0.0,0.0,0.0,0.0,57,157,126,333,3,,
2026-09-02T04:38:11+00:00,216,606921,Esse,8,31,Crystal Palace,Midfielder,5.0,0.0,0.0,a,,,,,0.0,0.0,0.0,0.0,169,515,380,1105,,,
2026-09-02T04:38:11+00:00,217,536694,M.França,8,31,Crystal Palace,Midfielder,4.9,-0.1,-0.1,a,,,,,0.0,0.0,0.0,0.0,871,760,888,1474,,,
2026-09-02T04:38:11+00:00,218,438464,Doucouré,8,31,Crystal Palace,Midfielder,4.9,-0.1,-0.1,a,,,,,0.1,0.0,0.0,0.0,530,873,778,1932,,,
2026-09-02T04:38:11+00:00,219,450542,J.Rak-Sakyi,8,31,Crystal Palace,Midfielder,5.0,0.0,0.0,a,,,,,0.0,0.0,0.0,0.0,30,66,69,156,,,
2026-09-02T04:38:11+00:00,220,590014,Cardines,8,31,Crystal Palace,Defender,4.5,0.0,0.0,u,Has joined Bristol City on loan for the rest of the season,2026-08-12T14:08:46.501813Z,0,0,0.0,0.0,0.0,0.0,0,27,0,92,,,
2026-09-02T04:38:11+00:00,221,672492,Drakes-Thomas,8,31,Crystal Palace,Midfielder,4.5,0.0,0.0,a,,,,,0.1,0.0,0.0,0.0,551,759,950,1747,,,
2026-09-02T04:38:11+00:00,222,247412,Strand Larsen,8,31,Crystal Palace,Forward,6.0,0.0,0.0,a,,,,,0.5,1.5,1.5,1.5,4158,5200,5668,12971,,,
2026-09-02T04:38:11+00:00,223,231747,Mateta,8,31,Crystal Palace,Forward,6.4,-0.1,-0.1,i,Hamstring injury - Expected back 11 Oct,2026-08-28T21:00:08.020382Z,,0,3.2,1.0,1.0,0.0,1013,186087,24964,258520,1,,
2026-09-02T04:38:11+00:00,224,205533,Nketiah,8,31,Crystal Palace,Forward,5.5,0.0,0.0,a,,,,,0.5,1.5,1.5,1.5,6914,5252,10177,11032,,,
2026-09-02T04:38:11+00:00,225,660392,Uche,8,31,Crystal Palace,Forward,5.0,0.0,0.0,u,has returned to Getafe CF,2026-07-23T12:18:56.275922Z,0,0,0.0,0.0,0.0,0.0,0,0,0,0,,,
2026-09-02T04:38:11+00:00,241,433154,McNeil,8,31,Crystal Palace,Midfielder,5.5,0.0,0.0,a,,,,,0.2,1.5,1.5,1.5,267,1470,739,3298,,,
2026-09-02T04:38:11+00:00,555,169593,Matthews,8,31,Crystal Palace,Goalkeeper,4.0,0.0,0.0,a,,,,,1.8,0.0,0.0,0.0,5017,5760,10962,11995,,,
2026-09-02T04:38:11+00:00,577,223723,Tomiyasu,8,31,Crystal Palace,Defender,4.5,0.0,0.0,a,,,,,0.3,1.0,1.0,1.0,830,2076,1659,4743,,,
2026-09-02T04:38:11+00:00,588,570794,Khalaili,8,31,Crystal Palace,Defender,5.0,0.0,0.0,a,,,,,0.1,1.5,1.5,1.5,1532,740,1994,1567,,,
2026-09-02T04:38:11+00:00,595,559152,Gozo,8,31,Crystal Palace,Midfielder,5.0,0.0,0.0,a,,,,,0.0,0.5,0.5,0.5,101,131,202,304,,,
2026-09-02T04:38:11+00:00,21,128295,Nørgaard,9,11,Everton,Midfielder,4.9,-0.1,-0.1,i,Groin injury - Unknown return date,2026-08-15T20:00:06.779594Z,0,0,0.1,0.0,0.0,0.0,94,1445,196,4311,,,
2026-09-02T04:38:11+00:00,209,242898,Johnson,9,11,Everton,Midfielder,5.9,-0.1,-0.1,a,,,,,0.1,1.0,1.0,1.0,483,2120,1215,4700,,,
2026-09-02T04:38:11+00:00,226,111234,Pickford,9,11,Everton,Goalkeeper,5.5,0.0,0.0,a,,,,,8.8,5.0,5.0,5.0,39974,48365,103513,76555,,,
2026-09-02T04:38:11+00:00,227,229600,Travers,9,11,Everton,Goalkeeper,5.0,0.0,0.0,a,,,,,0.0,0.0,0.0,0.0,189,363,479,766,,,
2026-09-02T04:38:11+00:00,228,138001,King,9,11,Everton,Goalkeeper,4.5,0.0,0.0,a,,,,,0.0,0.0,0.0,0.0,195,317,438,696,,,
2026-09-02T04:38:11+00:00,229,17761,Tarkowski,9,11,Everton,Defender,6.0,0.0,0.0,a,,,,,10.3,9.0,9.0,9.0,147981,47470,190717,84536,,,
2026-09-02T04:38:11+00:00,230,480455,Branthwaite,9,11,Everton,Defender,5.5,0.0,0.0,a,,,,,1.8,5.0,5.0,5.0,11063,12361,30166,21279,,,
2026-09-02T04:38:11+00:00,231,106611,Keane,9,11,Everton,Defender,4.9,-0.1,-0.1,a,,,,,1.1,0.0,0.0,0.0,1571,21014,4831,45899,,,
2026-09-02T04:38:11+00:00,232,512462,O'Brien,9,11,Everton,Defender,4.9,-0.1,-0.1,a,,,,,0.4,0.0,0.0,0.0,662,5267,2065,12996,,,
2026-09-02T04:38:11+00:00,233,224967,Mykolenko,9,11,Everton,Defender,4.5,0.0,0.0,a,,,,,1.7,5.0,5.0,5.0,26115,14429,47899,23499,,,
2026-09-02T04:38:11+00:00,234,243571,Patterson,9,11,Everton,Defender,4.5,0.0,0.0,a,,,,,0.0,0.0,0.0,0.0,154,327,361,696,,,
2026-09-02T04:38:11+00:00,235,499300,Aznou,9,11,Everton,Defender,4.0,0.0,0.0,u,Has joined Malaga on loan for the rest of the season,2026-09-01T13:23:16.934847Z,,0,0.2,0.0,0.0,0.0,719,1925,1728,3613,,,
2026-09-02T04:38:11+00:00,236,215413,Dewsbury-Hall,9,11,Everton,Midfielder,6.5,0.0,0.0,a,,,,,4.4,6.5,6.5,6.5,36223,55171,168870,82122,,,
2026-09-02T04:38:11+00:00,237,440993,Ndiaye,9,11,Everton,Midfielder,6.0,0.0,0.0,a,,,,,14.2,6.5,6.5,6.5,59402,187621,182090,247641,1,,
2026-09-02T04:38:11+00:00,239,232928,Garner,9,11,Everton,Midfielder,6.0,0.0,0.0,a,,2026-07-25T14:30:10.455878Z,100,100,0.1,1.0,1.0,1.0,1448,2116,2981,3765,3,,
2026-09-02T04:38:11+00:00,240,490094,Iroegbunam,9,11,Everton,Midfielder,5.0,0.0,0.0,a,,2026-08-15T20:00:06.878792Z,0,100,0.0,0.5,0.0,0.5,90,115,111,463,,,
2026-09-02T04:38:11+00:00,242,550615,George,9,11,Everton,Midfielder,5.5,0.0,0.0,a,,,,,0.3,2.5,2.5,2.5,1081,2728,3354,5210,,,
2026-09-02T04:38:11+00:00,243,502697,Alcaraz,9,11,Everton,Midfielder,5.0,0.0,0.0,a,,,,,0.1,0.5,0.5,0.5,530,1219,1283,2357,,,
2026-09-02T04:38:11+00:00,244,609873,Armstrong,9,11,Everton,Midfielder,5.0,0.0,0.0,a,,,,,0.4,5.0,5.0,5.0,13904,5499,26690,7966,,,
2026-09-02T04:38:11+00:00,245,496661,Dibling,9,11,Everton,Midfielder,5.4,-0.1,-0.1,a,,,,,0.0,0.0,0.0,0.0,232,556,433,1307,,,
2026-09-02T04:38:11+00:00,246,513466,Röhl,9,11,Everton,Midfielder,5.0,0.0,0.0,a,,,,,0.1,2.5,2.5,2.5,369,654,887,1290,,,
2026-09-02T04:38:11+00:00,247,244860,Hackney,9,11,Everton,Midfielder,5.5,0.0,0.0,a,,2026-08-26T22:00:07.797766Z,50,100,0.2,2.0,1.0,2.0,338,2455,1182,5657,,,
2026-09-02T04:38:11+00:00,248,486385,Beto,9,11,Everton,Forward,5.4,-0.1,-0.1,a,,,,,2.0,1.0,1.0,1.0,7740,34328,15449,77139,4,,
2026-09-02T04:38:11+00:00,249,586309,Barry,9,11,Everton,Forward,5.5,0.0,0.0,a,,,,,4.2,5.0,5.0,5.0,104928,51957,255193,74385,2,,
2026-09-02T04:38:11+00:00,250,80201,Leno,10,54,Fulham,Goalkeeper,4.5,0.0,0.0,a,,,,,3.1,2.5,2.5,2.5,19189,14941,31363,26470,,,
2026-09-02T04:38:11+00:00,251,86873,Lecomte,10,54,Fulham,Goalkeeper,4.0,0.0,0.0,a,,,,,1.2,0.0,0.0,0.0,3421,3926,4913,8054,,,
2026-09-02T04:38:11+00:00,252,505079,McNally,10,54,Fulham,Goalkeeper,4.0,0.0,0.0,u,Has joined York City on loan for the rest of the season,2026-09-01T13:25:11.231240Z,,0,0.2,0.0,0.0,0.0,1784,1295,2589,1915,,,
2026-09-02T04:38:11+00:00,253,174874,Andersen,10,54,Fulham,Defender,5.0,0.0,0.0,a,,2026-07-23T12:01:23.516350Z,100,100,0.1,0.5,0.5,0.5,3152,1328,5466,1958,,,
2026-09-02T04:38:11+00:00,254,169528,Robinson,10,54,Fulham,Defender,4.5,0.0,0.0,a,,,,,1.6,1.5,1.5,1.5,7411,10404,18592,19833,2,,
2026-09-02T04:38:11+00:00,255,246301,J.Cuenca,10,54,Fulham,Defender,4.5,0.0,0.0,a,,,,,0.0,1.5,1.5,1.5,316,410,1097,669,,,
2026-09-02T04:38:11+00:00,256,167074,Tete,10,54,Fulham,Defender,4.5,0.0,0.0,a,,,,,0.2,0.0,0.0,0.0,301,1873,639,3934,,,
2026-09-02T04:38:11+00:00,257,232892,Bassey,10,54,Fulham,Defender,4.5,0.0,0.0,a,,,,,0.8,1.0,1.0,1.0,4436,4858,11299,10900,,,
2026-09-02T04:38:11+00:00,258,166477,Castagne,10,54,Fulham,Defender,4.5,0.0,0.0,a,,,,,0.8,6.0,6.0,6.0,22844,5619,34940,8234,,,
2026-09-02T04:38:11+00:00,261,153133,Iwobi,10,54,Fulham,Midfielder,5.5,0.0,0.0,a,,,,,0.9,2.0,2.0,2.0,3888,10340,9983,19736,3,,
2026-09-02T04:38:11+00:00,262,209289,Smith Rowe,10,54,Fulham,Midfielder,5.5,0.0,0.0,a,,,,,0.3,0.5,0.5,0.5,926,4057,2340,8805,,,
2026-09-02T04:38:11+00:00,263,560552,Kevin,10,54,Fulham,Midfielder,5.5,0.0,0.0,a,,,,,0.0,1.0,1.0,1.0,256,875,675,1737,,,
2026-09-02T04:38:11+00:00,264,477555,Bobb,10,54,Fulham,Midfielder,5.5,0.0,0.0,a,,,,,0.3,2.5,2.5,2.5,2610,3736,7130,6733,,,
2026-09-02T04:38:11+00:00,265,207189,Berge,10,54,Fulham,Midfielder,5.0,0.0,0.0,a,,,,,0.4,2.0,2.0,2.0,1156,3187,2621,6520,,,
2026-09-02T04:38:11+00:00,266,76357,Cairney,10,54,Fulham,Midfielder,5.0,0.0,0.0,i,Knee injury - Expected back 10 Oct,2026-08-14T18:00:06.460944Z,0,0,0.0,0.0,0.0,0.0,12,55,24,170,,,
2026-09-02T04:38:11+00:00,268,577725,King,10,54,Fulham,Midfielder,5.5,0.0,0.0,a,,,,,0.7,4.5,4.5,4.5,12346,7797,47029,11961,,,
2026-09-02T04:38:11+00:00,269,184349,Sessegnon,10,54,Fulham,Defender,4.5,0.0,0.0,a,,,,,0.4,1.0,1.0,1.0,525,2770,1484,5784,,,
2026-09-02T04:38:11+00:00,270,153366,Reed,10,54,Fulham,Midfielder,4.5,0.0,0.0,a,,,,,1.3,0.0,0.0,0.0,5221,12000,10803,26503,,,
2026-09-02T04:38:11+00:00,271,244042,Muniz,10,54,Fulham,Forward,5.5,0.0,0.0,a,,,,,0.5,0.5,0.5,0.5,2626,6985,5438,13875,,,
2026-09-02T04:38:11+00:00,272,631786,Kusi-Asare,10,54,Fulham,Forward,4.5,0.0,0.0,a,,,,,6.7,0.0,0.0,0.0,37678,42969,61366,87246,,,
2026-09-02T04:38:11+00:00,569,551466,Gonzalo,10,54,Fulham,Forward,6.0,0.0,0.0,a,,,,,4.5,4.0,4.0,4.0,87186,47085,239404,64292,1,,
2026-09-02T04:38:11+00:00,570,571779,Palacios,10,54,Fulham,Midfielder,5.5,0.0,0.0,a,,,,,0.2,1.5,1.5,1.5,548,2025,1458,3809,,,
2026-09-02T04:38:11+00:00,580,463210,Charles,10,54,Fulham,Midfielder,5.0,0.0,0.0,a,,,,,0.1,1.0,1.0,1.0,221,737,580,1545,,,
2026-09-02T04:38:11+00:00,610,547686,De Fougerolles,10,54,Fulham,Defender,4.0,0.0,0.0,d,Unspecified injury - 75% chance of playing,2026-08-28T11:30:08.336405Z,75,75,0.1,0.0,0.0,0.0,1791,1281,4842,1755,,,
2026-09-02T04:38:11+00:00,626,616069,Zepa,10,54,Fulham,Midfielder,4.5,0.0,0.0,a,,,,,0.2,0.0,1.0,1.0,12232,2412,12232,2412,,,
2026-09-02T04:38:11+00:00,273,167825,Phillips,11,88,Hull City,Goalkeeper,4.0,0.0,0.0,a,,,,,1.5,0.0,0.0,0.0,5357,6446,8472,13540,,,
2026-09-02T04:38:11+00:00,274,105666,Butland,11,88,Hull City,Goalkeeper,4.5,0.0,0.0,i,Arm injury - Unknown return date,2026-08-08T19:00:05.601633Z,0,0,0.1,0.0,0.0,0.0,106,1041,230,2779,,,
2026-09-02T04:38:11+00:00,275,494950,Cartwright,11,88,Hull City,Goalkeeper,4.0,0.0,0.0,u,Has joined Grimsby Town on loan for the rest of the season,2026-07-29T13:00:27.959925Z,0,0,0.0,0.0,0.0,0.0,0,66,0,177,,,
2026-09-02T04:38:11+00:00,276,444307,Lo-Tutala,11,88,Hull City,Goalkeeper,4.0,0.0,0.0,u,Has joined Colchester United on loan for the rest of the season,2026-08-17T13:50:27.125537Z,0,0,0.0,0.0,0.0,0.0,0,197,0,580,,,
2026-09-02T04:38:11+00:00,277,108416,Egan,11,88,Hull City,Defender,4.0,0.0,0.0,a,,,,,4.0,8.5,8.5,8.5,185445,26365,228382,37572,,,
2026-09-02T04:38:11+00:00,278,501902,Hughes,11,88,Hull City,Defender,4.0,0.0,0.0,i,Groin injury - Unknown return date,2026-08-02T09:00:11.030017Z,0,0,0.1,0.0,0.0,0.0,72,1204,171,3524,,,
2026-09-02T04:38:11+00:00,279,146426,Ajayi,11,88,Hull City,Defender,4.1,0.1,0.1,a,,2026-08-22T17:30:07.668197Z,100,100,7.3,10.0,10.0,10.0,406337,31333,485743,46926,,,
2026-09-02T04:38:11+00:00,280,193278,Coyle,11,88,Hull City,Defender,4.0,0.0,0.0,d,Unspecified injury - 75% chance of playing,2026-08-29T16:30:08.151841Z,100,75,0.6,3.0,3.0,2.2,1040,5828,3663,10909,,,
2026-09-02T04:38:11+00:00,281,433590,Drameh,11,88,Hull City,Defender,4.0,0.0,0.0,a,,2026-08-08T19:00:05.613036Z,100,100,0.1,1.0,1.0,1.0,900,627,2008,1040,,,
2026-09-02T04:38:11+00:00,282,232351,Giles,11,88,Hull City,Defender,4.0,0.0,0.0,a,,,,,1.0,6.0,6.0,6.0,14724,4382,27616,8573,,,
2026-09-02T04:38:11+00:00,283,449428,Jacob,11,88,Hull City,Defender,4.0,0.0,0.0,i,Hip injury - Expected back 5 Sep,2026-08-02T09:00:11.038361Z,0,0,0.0,0.0,0.0,0.0,53,122,110,350,,,
2026-09-02T04:38:11+00:00,284,661800,McCarthy,11,88,Hull City,Defender,4.0,0.0,0.0,a,,,,,0.1,0.0,0.0,0.0,881,808,1556,1767,,,
2026-09-02T04:38:11+00:00,285,160817,McNair,11,88,Hull City,Defender,4.0,0.0,0.0,a,,,,,0.1,0.5,0.5,0.5,619,969,1265,1659,,,
2026-09-02T04:38:11+00:00,286,540324,Belloumi,11,88,Hull City,Midfielder,5.0,0.0,0.0,a,,,,,0.8,4.5,4.5,4.5,17416,5792,31306,9823,,,
2026-09-02T04:38:11+00:00,287,232905,Millar,11,88,Hull City,Midfielder,5.0,0.0,0.0,a,,,,,0.1,3.0,3.0,3.0,2714,915,3019,1902,,,
2026-09-02T04:38:11+00:00,288,171270,Dowell,11,88,Hull City,Midfielder,4.5,0.0,0.0,a,,,,,0.4,0.0,0.0,0.0,3773,3783,5489,8041,,,
2026-09-02T04:38:11+00:00,289,101282,Crooks,11,88,Hull City,Midfielder,4.5,0.0,0.0,d,Thigh injury - 75% chance of playing,2026-08-29T15:00:08.569326Z,,75,0.6,1.0,1.0,0.8,2380,9722,12521,15412,,,
2026-09-02T04:38:11+00:00,290,243413,Slater,11,88,Hull City,Midfielder,4.5,0.0,0.0,a,,,,,4.5,4.0,4.0,4.0,92905,37432,185276,59806,,,
2026-09-02T04:38:11+00:00,291,465525,Matazo,11,88,Hull City,Midfielder,4.5,0.0,0.0,i,Knee injury - Unknown return date,2026-07-23T12:01:23.532635Z,0,0,0.0,0.0,0.0,0.0,61,81,125,177,,,
2026-09-02T04:38:11+00:00,292,208481,Ömür,11,88,Hull City,Midfielder,5.0,0.0,0.0,a,,,,,0.0,0.0,0.0,0.0,156,312,365,699,,,
2026-09-02T04:38:11+00:00,293,490161,Kamara,11,88,Hull City,Midfielder,5.0,0.0,0.0,u,Has joined Portsmouth permanently,2026-08-12T14:08:23.542043Z,0,0,0.0,0.0,0.0,0.0,0,70,0,267,,,
2026-09-02T04:38:11+00:00,294,553783,Zambrano,11,88,Hull City,Midfielder,4.5,0.0,0.0,i,Thigh injury - Unknown return date,2026-08-04T18:30:11.016909Z,0,0,0.1,0.0,0.0,0.0,517,1400,1008,3549,,,
2026-09-02T04:38:11+00:00,295,169432,McBurnie,11,88,Hull City,Forward,5.5,0.0,0.0,a,,,,,2.1,3.0,3.0,3.0,25977,29858,108618,45799,1,,
2026-09-02T04:38:11+00:00,296,213292,Akintola,11,88,Hull City,Midfielder,5.0,0.0,0.0,a,,,,,0.0,0.0,0.0,0.0,919,935,1833,1875,,,
2026-09-02T04:38:11+00:00,297,470294,Gyabi,11,88,Hull City,Midfielder,4.5,0.0,0.0,i,Thigh injury - Unknown return date,2026-08-04T18:30:11.027155Z,0,0,0.0,0.0,0.0,0.0,80,312,144,838,,,
2026-09-02T04:38:11+00:00,298,500957,Destan,11,88,Hull City,Forward,4.5,0.0,0.0,u,Has joined Konyaspor permanently,2026-08-17T13:50:27.145733Z,0,0,0.3,0.0,0.0,0.0,0,4009,0,12875,,,
2026-09-02T04:38:11+00:00,299,534392,Burstow,11,88,Hull City,Forward,4.5,0.0,0.0,u,Has joined Sheffield Wednesday on loan for the rest of the season,2026-08-03T14:05:20.234842Z,0,0,0.0,0.0,0.0,0.0,0,582,0,1792,,,
2026-09-02T04:38:11+00:00,340,462635,Gelhardt,11,88,Hull City,Midfielder,5.0,0.0,0.0,i,Ankle injury - Expected back 5 Sep,2026-08-17T21:30:07.799839Z,0,0,0.0,0.0,0.0,0.0,30,149,75,437,,,
2026-09-02T04:38:11+00:00,556,169359,Targett,11,88,Hull City,Defender,4.0,0.0,0.0,a,,,,,2.1,0.5,0.5,0.5,6846,15194,12239,30635,,,
2026-09-02T04:38:11+00:00,563,445028,Morita,11,88,Hull City,Midfielder,5.0,0.0,0.0,a,,2026-08-15T16:00:07.961518Z,100,100,0.0,0.5,0.5,0.5,277,183,395,511,,,
2026-09-02T04:38:11+00:00,572,473284,Tzolakis,11,88,Hull City,Goalkeeper,4.5,0.0,0.0,a,,,,,6.5,10.0,10.0,10.0,236848,27480,338818,39895,,,
2026-09-02T04:38:11+00:00,574,552946,Hjertø-Dahl,11,88,Hull City,Midfielder,5.0,0.0,0.0,a,,,,,0.1,0.0,0.0,0.0,225,903,532,1872,,,
2026-09-02T04:38:11+00:00,576,608227,Stroud,11,88,Hull City,Midfielder,5.0,0.0,0.0,a,,,,,0.1,1.5,1.5,1.5,509,962,1939,1559,,,
2026-09-02T04:38:11+00:00,585,597462,Herrington,11,88,Hull City,Defender,4.0,0.0,0.0,a,,,,,0.6,1.0,1.0,1.0,2328,3155,5099,6757,,,
2026-09-02T04:38:11+00:00,586,606930,Mendy,11,88,Hull City,Defender,4.0,0.0,0.0,a,,2026-08-22T17:30:08.045208Z,100,100,5.3,8.0,8.0,8.0,110194,43108,289774,62568,,,
2026-09-02T04:38:11+00:00,589,469266,Gourna-Douath,11,88,Hull City,Midfielder,5.0,0.0,0.0,a,,,,,0.0,0.5,0.5,0.5,157,226,292,539,,,
2026-09-02T04:38:11+00:00,617,490884,Cho,11,88,Hull City,Midfielder,5.0,0.0,0.0,a,,,,,0.0,1.0,1.5,1.5,498,126,523,128,,,
2026-09-02T04:38:11+00:00,259,219924,Diop,12,40,Ipswich Town,Defender,4.0,0.0,0.0,a,,,,,16.0,2.0,2.0,2.0,26293,71405,52806,142329,,,
2026-09-02T04:38:11+00:00,267,212314,Lukić,12,40,Ipswich Town,Midfielder,5.0,0.0,0.0,a,,,,,0.1,3.0,3.0,3.0,498,1043,1676,2388,,,
2026-09-02T04:38:11+00:00,300,108813,Walton,12,40,Ipswich Town,Goalkeeper,4.5,0.0,0.0,a,,,,,0.5,0.0,0.0,0.0,226,2684,435,7256,,,
2026-09-02T04:38:11+00:00,301,112520,Palmer,12,40,Ipswich Town,Goalkeeper,4.0,0.0,0.0,a,,,,,4.3,0.0,0.0,0.0,15094,17801,22780,35149,,,
2026-09-02T04:38:11+00:00,302,50093,Button,12,40,Ipswich Town,Goalkeeper,4.0,0.0,0.0,a,,,,,0.5,0.0,0.0,0.0,4153,2129,6112,3948,,,
2026-09-02T04:38:11+00:00,303,183015,Kipré,12,40,Ipswich Town,Defender,4.0,0.0,0.0,a,,,,,0.6,0.0,0.0,0.0,350,3191,682,8138,,,
2026-09-02T04:38:11+00:00,304,216616,O'Shea,12,40,Ipswich Town,Defender,4.0,0.0,0.0,a,,,,,3.3,2.0,2.0,2.0,12855,19520,28494,33504,,,
2026-09-02T04:38:11+00:00,305,455084,Davis,12,40,Ipswich Town,Defender,4.0,0.0,0.0,a,,,,,5.0,4.0,4.0,4.0,35177,22571,42499,43861,,,
2026-09-02T04:38:11+00:00,306,449429,Greaves,12,40,Ipswich Town,Defender,4.0,0.0,0.0,a,,,,,1.3,0.5,0.5,0.5,1681,6157,3317,12268,,,
2026-09-02T04:38:11+00:00,307,222018,Johnson,12,40,Ipswich Town,Defender,4.0,0.0,0.0,a,,,,,0.1,0.0,0.0,0.0,456,753,883,1775,,,
2026-09-02T04:38:11+00:00,308,176420,Furlong,12,40,Ipswich Town,Defender,4.0,0.0,0.0,a,,,,,0.6,0.5,0.5,0.5,355,2609,624,7025,,,
2026-09-02T04:38:11+00:00,309,501390,Núñez,12,40,Ipswich Town,Midfielder,5.0,0.0,0.0,a,,,,,0.1,3.0,3.0,3.0,718,1188,1915,2581,,,
2026-09-02T04:38:11+00:00,310,241117,Matusiwa,12,40,Ipswich Town,Midfielder,5.0,0.0,0.0,i,Muscular injury - Unknown return date,2026-07-29T18:00:10.305484Z,0,0,0.0,0.0,0.0,0.0,7,48,15,160,,,
2026-09-02T04:38:11+00:00,311,149929,Burns,12,40,Ipswich Town,Midfielder,5.0,0.0,0.0,u,Has joined Leicester City permanently,2026-08-10T14:02:47.597478Z,0,0,0.0,0.0,0.0,0.0,0,62,0,253,,,
2026-09-02T04:38:11+00:00,312,231899,Taylor,12,40,Ipswich Town,Midfielder,4.5,0.0,0.0,i,Knee injury - Unknown return date,2026-07-29T18:00:10.319370Z,0,0,0.0,0.0,0.0,0.0,113,502,224,1385,,,
2026-09-02T04:38:11+00:00,313,443261,Clarke,12,40,Ipswich Town,Midfielder,5.5,0.0,0.0,a,,,,,0.3,3.5,3.5,3.5,861,3434,4063,5877,1,,
2026-09-02T04:38:11+00:00,314,229164,Ogbene,12,40,Ipswich Town,Midfielder,4.9,-0.1,-0.1,a,,,,,0.0,0.0,0.0,0.0,55,184,92,427,,,
2026-09-02T04:38:11+00:00,315,531442,Fatawu,12,40,Ipswich Town,Midfielder,5.5,0.0,0.0,a,,,,,0.2,3.0,3.0,3.0,1270,1821,1840,4589,,,
2026-09-02T04:38:11+00:00,316,543968,Emersonn,12,40,Ipswich Town,Forward,5.5,0.0,0.0,d,Knee injury - 75% chance of playing,2026-08-31T09:30:08.306145Z,,75,1.7,5.0,5.0,3.8,13739,36135,90546,52945,2,,
2026-09-02T04:38:11+00:00,317,222625,Hirst,12,40,Ipswich Town,Forward,5.0,0.0,0.0,u,Has joined Stoke City permanently,2026-08-21T13:06:08.606019Z,0,0,0.1,0.0,0.0,0.0,0,2791,0,11486,,,
2026-09-02T04:38:11+00:00,318,481624,Philogene,12,40,Ipswich Town,Midfielder,5.4,-0.1,-0.1,i,Ankle injury - Unknown return date,2026-08-25T11:30:07.532993Z,0,0,0.1,0.0,0.0,0.0,34,2322,140,6250,3,,
2026-09-02T04:38:11+00:00,319,172453,Szmodics,12,40,Ipswich Town,Midfielder,5.0,0.0,0.0,u,Has joined Derby County on loan for the rest of the season,2026-08-17T13:51:41.713979Z,0,0,0.0,0.0,0.0,0.0,0,142,0,551,,,
2026-09-02T04:38:11+00:00,320,147675,Akpom,12,40,Ipswich Town,Forward,5.0,0.0,0.0,a,,,,,0.8,3.0,3.0,3.0,32183,9004,36808,15254,,,
2026-09-02T04:38:11+00:00,321,557012,Walle Egeli,12,40,Ipswich Town,Forward,4.5,0.0,0.0,a,,,,,3.1,0.5,0.5,0.5,79170,31109,119882,54550,,,
2026-09-02T04:38:11+00:00,322,462387,Al-Hamadi,12,40,Ipswich Town,Forward,5.0,0.0,0.0,u,Has joined Sheffield Wednesday on loan for the rest of the season,2026-08-27T14:54:10.215357Z,0,0,0.1,0.0,0.0,0.0,0,2785,755,5787,,,
2026-09-02T04:38:11+00:00,323,461587,McAteer,12,40,Ipswich Town,Midfielder,4.5,0.0,0.0,a,,,,,1.3,1.0,1.0,1.0,7207,9752,12822,21317,,,
2026-09-02T04:38:11+00:00,324,232457,Mehmeti,12,40,Ipswich Town,Midfielder,4.9,-0.1,-0.1,a,,,,,0.0,0.0,0.0,0.0,37,455,84,1141,,,
2026-09-02T04:38:11+00:00,554,546600,Van Oevelen,12,40,Ipswich Town,Goalkeeper,4.5,0.0,0.0,u,Has joined Valencia on loan for the rest of the season,2026-08-25T14:04:09.529320Z,0,0,0.0,0.0,0.0,0.0,0,516,54,1153,,,
2026-09-02T04:38:11+00:00,562,442967,Maeda,12,40,Ipswich Town,Midfielder,5.5,0.0,0.0,a,,,,,0.3,2.0,2.0,2.0,562,3188,1302,7230,,,
2026-09-02T04:38:11+00:00,564,240514,Scherpen,12,40,Ipswich Town,Goalkeeper,4.5,0.0,0.0,a,,,,,0.6,2.0,2.0,2.0,1728,3640,3057,7216,,,
2026-09-02T04:38:11+00:00,571,216055,Florentino,12,40,Ipswich Town,Midfielder,5.0,0.0,0.0,d,Calf injury - 75% chance of playing,2026-08-25T11:30:07.678802Z,75,75,0.1,0.0,0.0,0.0,98,1448,312,3655,,,
2026-09-02T04:38:11+00:00,591,474120,Enciso,12,40,Ipswich Town,Midfielder,5.5,0.0,0.0,a,,2026-08-22T18:00:07.551930Z,100,100,0.6,5.0,5.0,5.0,18303,5700,35972,10154,,,
2026-09-02T04:38:11+00:00,592,572584,Ouattara,12,40,Ipswich Town,Defender,4.0,0.0,0.0,a,,,,,1.0,1.0,1.0,1.0,2816,4219,5585,10085,,,
2026-09-02T04:38:11+00:00,602,524180,Humphreys,12,40,Ipswich Town,Midfielder,4.5,0.0,0.0,a,,,,,0.0,0.0,0.0,0.0,1487,653,2762,986,,,
2026-09-02T04:38:11+00:00,619,218543,Palacios,12,40,Ipswich Town,Midfielder,5.0,0.0,0.0,a,,,,,0.0,1.0,1.5,1.5,1016,247,1105,252,,,
2026-09-02T04:38:11+00:00,260,153682,Wilson,13,2,Leeds,Midfielder,6.4,-0.1,-0.1,a,,,,,4.6,2.0,2.0,2.0,4349,91242,19278,149010,,,
2026-09-02T04:38:11+00:00,326,201595,Perri,13,2,Leeds,Goalkeeper,4.5,0.0,0.0,u,Has joined Torino on loan for the rest of the season,2026-09-01T13:12:39.210133Z,,0,0.5,0.0,0.0,0.0,204,4287,532,9646,,,
2026-09-02T04:38:11+00:00,327,434752,Bijol,13,2,Leeds,Defender,5.0,0.0,0.0,a,,,,,1.0,5.5,5.5,5.5,11048,11265,56267,19449,,,
2026-09-02T04:38:11+00:00,329,214225,Rodon,13,2,Leeds,Defender,4.5,0.0,0.0,d,Hamstring injury - 50% chance of playing,2026-08-30T16:00:08.564382Z,,50,3.0,3.5,3.5,1.8,4826,49282,26426,61856,,,
2026-09-02T04:38:11+00:00,330,226182,Bogle,13,2,Leeds,Defender,4.5,0.0,0.0,a,,,,,0.5,4.0,4.0,4.0,3044,3187,8969,6311,,,
2026-09-02T04:38:11+00:00,331,243526,Gudmundsson,13,2,Leeds,Defender,4.5,0.0,0.0,a,,2026-08-08T20:00:07.546568Z,75,100,0.0,0.0,0.0,0.0,371,251,437,1243,,,
2026-09-02T04:38:11+00:00,332,220627,Justin,13,2,Leeds,Defender,4.5,0.0,0.0,a,,,,,1.4,6.0,6.0,6.0,21766,12833,65300,22224,,,
2026-09-02T04:38:11+00:00,333,437738,Bornauw,13,2,Leeds,Defender,4.5,0.0,0.0,u,Has joined Hamburg SV on loan for the rest of the season,2026-08-19T13:56:14.645970Z,0,0,0.0,0.0,0.0,0.0,0,41,0,211,,,
2026-09-02T04:38:11+00:00,334,522047,Muharemović,13,2,Leeds,Defender,5.0,0.0,0.0,a,,,,,3.3,5.0,5.0,5.0,25143,23368,46682,35210,,,
2026-09-02T04:38:11+00:00,335,466525,Stach,13,2,Leeds,Midfielder,6.0,0.0,0.0,a,,,,,2.8,8.5,8.5,8.5,35302,29814,116646,43493,,,
2026-09-02T04:38:11+00:00,336,435997,Okafor,13,2,Leeds,Midfielder,5.9,-0.1,-0.1,a,,,,,0.4,1.5,1.5,1.5,1414,6537,2769,15705,,,
2026-09-02T04:38:11+00:00,337,427637,Aaronson,13,2,Leeds,Midfielder,5.5,0.0,0.0,a,,,,,0.8,2.0,2.0,2.0,1323,9347,3916,17780,,,
2026-09-02T04:38:11+00:00,338,199598,Ampadu,13,2,Leeds,Midfielder,5.5,0.0,0.0,a,,,,,1.2,3.5,3.5,3.5,2163,11310,6754,20751,,,
2026-09-02T04:38:11+00:00,339,180135,Longstaff,13,2,Leeds,Midfielder,5.0,0.0,0.0,a,,,,,0.1,0.5,0.5,0.5,431,1634,1006,3265,,,
2026-09-02T04:38:11+00:00,341,492859,Gnonto,13,2,Leeds,Midfielder,5.0,0.0,0.0,a,,2026-08-17T20:30:08.092366Z,75,100,0.0,0.0,0.0,0.0,209,223,227,919,,,
2026-09-02T04:38:11+00:00,342,221399,Harrison,13,2,Leeds,Midfielder,5.0,0.0,0.0,u,Has joined New England Revolution permanently,2026-07-28T12:59:09.492431Z,0,0,0.0,0.0,0.0,0.0,0,13,0,49,,,
2026-09-02T04:38:11+00:00,343,200617,James,13,2,Leeds,Midfielder,5.0,0.0,0.0,a,,,,,0.1,0.5,0.5,0.5,1098,1382,1961,3118,,,
2026-09-02T04:38:11+00:00,344,486520,Gruev,13,2,Leeds,Midfielder,5.0,0.0,0.0,d,Knee injury - 25% chance of playing,2026-08-14T23:00:06.272027Z,0,25,0.0,0.0,0.0,0.0,21,45,30,174,,,
2026-09-02T04:38:11+00:00,345,248056,Tanaka,13,2,Leeds,Midfielder,4.9,-0.1,-0.1,a,,,,,0.2,0.5,0.5,0.5,1714,2768,2613,7001,,,
2026-09-02T04:38:11+00:00,346,177815,Calvert-Lewin,13,2,Leeds,Forward,6.0,0.0,0.0,a,,,,,26.8,4.5,4.5,4.5,123629,187363,207943,376299,1,,
2026-09-02T04:38:11+00:00,347,174594,Nmecha,13,2,Leeds,Forward,5.5,0.0,0.0,a,,,,,0.5,2.0,2.0,2.0,3159,5331,5076,14875,2,,
2026-09-02T04:38:11+00:00,348,235826,Piroe,13,2,Leeds,Forward,5.0,0.0,0.0,u,Has joined West Ham United on loan for the rest of the season,2026-08-19T13:56:14.666726Z,0,0,0.1,0.0,0.0,0.0,0,2129,0,7480,3,,
2026-09-02T04:38:11+00:00,349,565297,Mateo Joseph,13,2,Leeds,Forward,4.5,0.0,0.0,i,Knee injury - Unknown return date,2026-07-29T18:00:10.338170Z,0,0,0.1,0.0,0.0,0.0,583,713,908,1764,,,
2026-09-02T04:38:11+00:00,385,432720,Trafford,13,2,Leeds,Goalkeeper,5.0,0.0,0.0,a,,,,,5.0,6.0,6.0,6.0,50474,28854,114268,43958,,,
2026-09-02T04:38:11+00:00,598,173774,Elvedi,13,2,Leeds,Defender,4.5,0.0,0.0,a,,,,,0.0,0.5,0.5,0.5,355,293,709,572,,,
2026-09-02T04:38:11+00:00,603,643970,Lienou,13,2,Leeds,Defender,4.0,0.0,0.0,a,,,,,0.1,0.0,0.0,0.0,1752,796,3240,1115,,,
2026-09-02T04:38:11+00:00,604,592740,Cresswell,13,2,Leeds,Midfielder,4.5,0.0,0.0,a,,,,,0.1,0.0,0.0,0.0,3800,1431,6829,2141,,,
2026-09-02T04:38:11+00:00,625,97846,Cairns,13,2,Leeds,Goalkeeper,4.0,0.0,0.0,a,,,,,0.2,0.0,1.0,1.0,6768,670,6768,670,,,
2026-09-02T04:38:11+00:00,629,155465,Zetterer,13,2,Leeds,Goalkeeper,4.0,0.0,0.0,a,,,,,0.1,0.0,1.0,1.0,2746,159,2746,159,,,
2026-09-02T04:38:11+00:00,350,116535,A.Becker,14,14,Liverpool,Goalkeeper,5.5,0.0,0.0,a,,,,,3.8,1.0,1.0,1.0,23867,36333,49174,57556,,,
2026-09-02T04:38:11+00:00,351,449027,Mamardashvili,14,14,Liverpool,Goalkeeper,5.0,0.0,0.0,a,,,,,0.1,0.0,0.0,0.0,580,2014,1238,4052,,,
2026-09-02T04:38:11+00:00,352,155503,Woodman,14,14,Liverpool,Goalkeeper,4.0,0.0,0.0,a,,,,,1.1,0.0,0.0,0.0,6301,5107,9564,10630,,,
2026-09-02T04:38:11+00:00,353,586268,Pecsi,14,14,Liverpool,Goalkeeper,4.0,0.0,0.0,u,Has joined TSV Hartberg on loan for the rest of the season,2026-08-18T14:11:18.638344Z,0,0,0.0,0.0,0.0,0.0,0,199,0,647,,,
2026-09-02T04:38:11+00:00,354,432987,Jaros,14,14,Liverpool,Goalkeeper,4.0,0.0,0.0,i,Knee injury - Unknown return date,2026-07-29T18:00:10.351066Z,0,0,0.0,0.0,0.0,0.0,218,167,381,346,,,
2026-09-02T04:38:11+00:00,355,464353,Davies,14,14,Liverpool,Goalkeeper,4.0,0.0,0.0,a,,,,,0.1,0.0,0.0,0.0,955,692,1599,1405,,,
2026-09-02T04:38:11+00:00,356,97032,Virgil,14,14,Liverpool,Defender,6.5,0.0,0.0,a,,,,,18.1,1.5,1.5,1.5,37662,177192,112276,256312,,,
2026-09-02T04:38:11+00:00,357,216094,Frimpong,14,14,Liverpool,Defender,5.5,0.0,0.0,a,,,,,3.1,0.5,0.5,0.5,14767,44129,39287,77698,,,
2026-09-02T04:38:11+00:00,358,544877,Kerkez,14,14,Liverpool,Defender,5.5,0.0,0.0,a,,,,,3.1,0.5,0.5,0.5,7625,40564,23270,74951,,,
2026-09-02T04:38:11+00:00,359,171287,Gomez,14,14,Liverpool,Defender,5.0,0.0,0.0,i,Muscular injury - Unknown return date,2026-07-26T08:30:10.078473Z,0,0,0.0,0.0,0.0,0.0,49,227,128,636,,,
2026-09-02T04:38:11+00:00,360,492777,Bradley,14,14,Liverpool,Defender,5.0,0.0,0.0,i,Knee injury - Unknown return date,2026-07-23T12:01:23.565711Z,0,0,0.0,0.0,0.0,0.0,81,151,160,370,,,
2026-09-02T04:38:11+00:00,361,519440,Lucky,14,14,Liverpool,Defender,4.0,0.0,0.0,a,,,,,0.1,0.0,0.0,0.0,859,954,1467,2091,,,
2026-09-02T04:38:11+00:00,362,606702,Jacquet,14,14,Liverpool,Defender,5.0,0.0,0.0,a,,2026-07-23T12:01:23.581126Z,100,100,2.5,2.0,2.0,2.0,33360,23901,56072,42057,,,
2026-09-02T04:38:11+00:00,363,647681,Leoni,14,14,Liverpool,Defender,4.0,0.0,0.0,i,Knee injury - Unknown return date,2026-07-23T12:01:23.596909Z,0,0,0.0,0.0,0.0,0.0,221,421,403,940,,,
2026-09-02T04:38:11+00:00,364,214285,Tsimikas,14,14,Liverpool,Defender,5.0,0.0,0.0,a,,,,,0.1,0.5,0.5,0.5,303,703,642,1685,,,
2026-09-02T04:38:11+00:00,365,489580,Ramsay,14,14,Liverpool,Defender,4.0,0.0,0.0,u,Has joined St Mirren on loan for the rest of the season,2026-08-26T14:05:26.748768Z,0,0,0.1,0.0,0.0,0.0,0,3915,638,7667,,,
2026-09-02T04:38:11+00:00,366,494595,Wirtz,14,14,Liverpool,Midfielder,7.5,0.0,0.0,a,,,,,10.3,3.0,3.0,3.0,31914,116822,56837,240084,4,,
2026-09-02T04:38:11+00:00,367,243298,Gakpo,14,14,Liverpool,Midfielder,7.0,0.0,0.0,a,,,,,7.8,8.5,8.5,8.5,120021,74189,325725,101940,3,,
2026-09-02T04:38:11+00:00,368,424876,Szoboszlai,14,14,Liverpool,Midfielder,7.0,0.0,0.0,a,,,,,41.7,6.0,6.0,6.0,136570,237250,381573,304655,1,,
2026-09-02T04:38:11+00:00,369,611922,Ngumoha,14,14,Liverpool,Midfielder,5.9,-0.1,-0.1,a,,,,,0.9,1.5,1.5,1.5,2278,21934,7825,36811,,,
2026-09-02T04:38:11+00:00,370,223541,Chiesa,14,14,Liverpool,Midfielder,5.4,-0.1,-0.1,i,Back injury - Unknown return date,2026-08-27T13:30:07.598926Z,0,0,0.1,0.0,0.0,0.0,32,3257,617,6807,,,
2026-09-02T04:38:11+00:00,371,441266,Gravenberch,14,14,Liverpool,Midfielder,6.0,0.0,0.0,a,,,,,1.7,3.0,3.0,3.0,6426,29864,21431,45047,,,
2026-09-02T04:38:11+00:00,372,243016,Mac Allister,14,14,Liverpool,Midfielder,5.5,0.0,0.0,a,,,,,1.5,1.5,1.5,1.5,6867,18208,13434,39716,5,,
2026-09-02T04:38:11+00:00,373,206915,C.Jones,14,14,Liverpool,Midfielder,5.5,0.0,0.0,u,Has joined Internazionale permanently,2026-08-16T18:30:07.426408Z,75,0,0.0,0.0,0.0,0.0,1,666,34,1794,,,
2026-09-02T04:38:11+00:00,374,158983,Endo,14,14,Liverpool,Midfielder,5.0,0.0,0.0,a,,2026-07-23T12:01:23.612529Z,100,100,0.1,0.0,0.0,0.0,515,1019,1000,2004,,,
2026-09-02T04:38:11+00:00,375,591386,Nyoni,14,14,Liverpool,Midfielder,5.0,0.0,0.0,a,,,,,0.0,0.5,0.5,0.5,323,522,462,1195,,,
2026-09-02T04:38:11+00:00,376,535928,Bajcetic,14,14,Liverpool,Midfielder,5.0,0.0,0.0,u,Has joined Celta Vigo permanently,2026-07-23T12:01:23.628373Z,0,0,0.0,0.0,0.0,0.0,11,30,19,59,,,
2026-09-02T04:38:11+00:00,377,551499,Munoz,14,14,Liverpool,Midfielder,6.5,0.0,0.0,a,,,,,1.1,5.0,5.0,5.0,49635,12899,56121,18812,,,
2026-09-02T04:38:11+00:00,378,491501,McConnell,14,14,Liverpool,Midfielder,4.5,0.0,0.0,a,,,,,0.2,0.0,0.0,0.0,885,2159,1768,5059,,,
2026-09-02T04:38:11+00:00,379,219168,Isak,14,14,Liverpool,Forward,9.0,0.0,0.0,a,,,,,16.4,5.0,5.0,5.0,88684,121704,161720,222837,2,,
2026-09-02T04:38:11+00:00,380,510663,Ekitiké,14,14,Liverpool,Forward,7.5,0.0,0.0,i,Achilles injury - Unknown return date,2026-07-23T12:01:23.643771Z,0,0,0.1,0.0,0.0,0.0,471,2498,1180,6305,,,
2026-09-02T04:38:11+00:00,381,514514,Koumas,14,14,Liverpool,Midfielder,5.0,0.0,0.0,a,,,,,0.0,0.5,0.5,0.5,108,245,264,455,,,
2026-09-02T04:38:11+00:00,382,500058,Danns,14,14,Liverpool,Forward,4.5,0.0,0.0,i,Unspecified injury - Unknown return date,2026-07-23T12:01:23.659279Z,0,0,0.0,0.0,0.0,0.0,471,448,780,1010,,,
2026-09-02T04:38:11+00:00,383,444884,Elliott,14,14,Liverpool,Midfielder,5.4,-0.1,-0.1,a,,,,,0.1,0.0,0.0,0.0,480,1280,860,2496,,,
2026-09-02T04:38:11+00:00,579,445087,Araujo,14,14,Liverpool,Defender,5.4,-0.1,-0.1,a,,,,,2.3,0.5,0.5,0.5,8309,57105,32216,90879,,,
2026-09-02T04:38:11+00:00,627,482616,Barcola,14,14,Liverpool,Midfielder,8.0,0.0,0.0,a,,,,,0.5,0.0,2.8,2.8,45745,3044,45745,3044,,,
2026-09-02T04:38:11+00:00,238,114283,Grealish,15,43,Man City,Midfielder,6.5,0.0,0.0,a,,2026-07-29T10:00:10.492904Z,100,100,0.2,0.5,0.5,0.5,2201,3453,3403,5856,,,
2026-09-02T04:38:11+00:00,384,204936,Donnarumma,15,43,Man City,Goalkeeper,5.5,0.0,0.0,a,,,,,8.0,1.5,1.5,1.5,38648,80632,72656,125584,,,
2026-09-02T04:38:11+00:00,386,122074,Bettinelli,15,43,Man City,Goalkeeper,4.5,0.0,0.0,a,,,,,0.0,0.0,0.0,0.0,104,249,239,485,,,
2026-09-02T04:38:11+00:00,387,472769,O'Reilly,15,43,Man City,Defender,6.5,0.0,0.0,a,,,,,19.3,2.0,2.0,2.0,52185,180753,120969,288083,,,
2026-09-02T04:38:11+00:00,388,209036,Guéhi,15,43,Man City,Defender,6.0,0.0,0.0,a,,,,,19.0,6.0,6.0,6.0,82567,116276,265312,158034,,,
2026-09-02T04:38:11+00:00,389,465351,Matheus N.,15,43,Man City,Defender,6.0,0.0,0.0,d,Unspecified injury - 75% chance of playing,2026-08-27T11:30:08.171622Z,75,75,1.1,0.5,0.4,0.4,151,26599,3182,44092,4,,
2026-09-02T04:38:11+00:00,390,171314,Rúben,15,43,Man City,Defender,5.5,0.0,0.0,a,,,,,1.8,2.0,2.0,2.0,11732,15218,21590,27775,,,
2026-09-02T04:38:11+00:00,391,477424,Gvardiol,15,43,Man City,Defender,5.6,0.1,0.1,a,,,,,17.5,7.0,7.0,7.0,338883,60810,567301,96167,,,
2026-09-02T04:38:11+00:00,392,448514,Aït-Nouri,15,43,Man City,Defender,5.4,-0.1,-0.1,a,,,,,0.6,0.0,0.0,0.0,1529,16933,4145,33712,,,
2026-09-02T04:38:11+00:00,393,578153,Khusanov,15,43,Man City,Defender,5.5,0.0,0.0,a,,,,,1.6,2.0,2.0,2.0,6198,15534,12284,30071,,,
2026-09-02T04:38:11+00:00,394,494307,Alleyne,15,43,Man City,Defender,5.0,0.0,0.0,u,Has joined Burnley on loan for the rest of the season,2026-08-18T14:11:56.324656Z,0,0,0.0,0.0,0.0,0.0,0,100,0,457,,,
2026-09-02T04:38:11+00:00,395,477064,Lewis,15,43,Man City,Defender,4.5,0.0,0.0,a,,,,,0.2,0.5,0.5,0.5,1422,3887,5042,6410,,,
2026-09-02T04:38:11+00:00,396,616222,Vitor Reis,15,43,Man City,Defender,4.5,0.0,0.0,a,,,,,0.0,0.5,0.5,0.5,85,190,187,430,,,
2026-09-02T04:38:11+00:00,397,437730,Semenyo,15,43,Man City,Midfielder,8.5,0.0,0.0,a,,,,,21.0,3.5,3.5,3.5,35566,260461,84666,433671,2,,
2026-09-02T04:38:11+00:00,398,209244,Foden,15,43,Man City,Midfielder,7.0,0.0,0.0,a,,,,,4.9,5.0,5.0,5.0,108870,38263,129017,84784,,,
2026-09-02T04:38:11+00:00,399,466052,Cherki,15,43,Man City,Midfielder,7.7,0.2,0.2,a,,,,,24.1,11.0,11.0,11.0,1113763,38131,1317081,79533,,,
2026-09-02T04:38:11+00:00,400,248875,Doku,15,43,Man City,Midfielder,7.4,-0.1,-0.1,i,Calf injury - Expected back 5 Sep,2026-08-18T17:00:08.385597Z,0,0,1.0,0.0,0.0,0.0,346,23587,840,93602,3,,
2026-09-02T04:38:11+00:00,402,220566,Rodrigo,15,43,Man City,Midfielder,6.5,0.0,0.0,u,Has joined Barcelona permanently,2026-07-23T12:01:23.675537Z,0,0,0.0,0.0,0.0,0.0,0,226,0,1022,,,
2026-09-02T04:38:11+00:00,404,433036,Reijnders,15,43,Man City,Midfielder,6.0,0.0,0.0,u,Has joined Al Qadsiah permanently,2026-08-20T14:02:58.154273Z,0,0,0.0,0.0,0.0,0.0,0,1267,0,6891,,,
2026-09-02T04:38:11+00:00,406,91651,Kovačić,15,43,Man City,Midfielder,5.5,0.0,0.0,a,,,,,0.1,1.0,1.0,1.0,474,1415,1303,2704,,,
2026-09-02T04:38:11+00:00,407,575204,Echeverri,15,43,Man City,Midfielder,4.9,-0.1,-0.1,a,,,,,0.0,0.0,0.0,0.0,120,298,213,595,,,
2026-09-02T04:38:11+00:00,408,155405,Phillips,15,43,Man City,Midfielder,5.0,0.0,0.0,u,Has joined Sheffield United on loan for the rest of the season,2026-08-18T14:11:56.348781Z,0,0,0.0,0.0,0.0,0.0,0,115,0,420,,,
2026-09-02T04:38:11+00:00,409,590039,Mukasa,15,43,Man City,Midfielder,4.5,0.0,0.0,a,,,,,0.2,0.0,0.0,0.0,581,2111,1508,4597,,,
2026-09-02T04:38:11+00:00,410,649208,Monga,15,43,Man City,Midfielder,4.9,-0.1,-0.1,a,,,,,0.0,0.0,0.0,0.0,128,239,204,522,,,
2026-09-02T04:38:11+00:00,411,223094,Haaland,15,43,Man City,Forward,15.5,0.0,0.0,a,,,,,70.5,7.5,7.5,7.5,234958,26525,304563,130377,1,,
2026-09-02T04:38:11+00:00,481,215379,Anderson,15,43,Man City,Midfielder,6.4,0.0,-0.1,a,,2026-08-23T17:00:07.952697Z,100,100,5.3,2.5,2.5,2.5,20034,78974,30270,232279,,,
2026-09-02T04:38:11+00:00,587,106921,Rulli,15,43,Man City,Goalkeeper,5.0,0.0,0.0,a,,,,,0.0,0.0,0.0,0.0,83,211,177,435,,,
2026-09-02T04:38:11+00:00,616,637238,Bouaddi,15,43,Man City,Midfielder,5.5,0.0,0.0,a,,,,,0.1,1.0,2.0,2.0,7058,2006,10113,2355,,,
2026-09-02T04:38:11+00:00,621,616288,McAidoo,15,43,Man City,Midfielder,4.5,0.0,0.0,a,,,,,0.1,1.0,1.0,1.0,4925,1342,4925,1342,,,
2026-09-02T04:38:11+00:00,622,554054,Braithwaite,15,43,Man City,Defender,4.0,0.0,0.0,a,,,,,0.1,1.0,1.0,1.0,6804,1373,6804,1373,,,
2026-09-02T04:38:11+00:00,628,624777,Allan,15,43,Man City,Midfielder,6.0,0.0,0.0,a,,,,,0.0,0.0,2.2,2.2,102,29,102,29,,,
2026-09-02T04:38:11+00:00,43,166989,Tielemans,16,1,Man Utd,Midfielder,6.0,0.0,0.0,a,,2026-07-23T12:01:23.321726Z,100,100,2.1,3.0,3.0,3.0,8125,32003,20756,67707,3,,
2026-09-02T04:38:11+00:00,131,535301,Baleba,16,1,Man Utd,Midfielder,5.0,0.0,0.0,i,Ankle injury - Expected back 19 Sep,2026-08-06T16:00:10.997714Z,0,0,0.2,0.0,0.0,0.0,1301,3577,3625,7998,,,
2026-09-02T04:38:11+00:00,162,532605,Andrey Santos,16,1,Man Utd,Midfielder,5.0,0.0,0.0,a,,,,,0.9,1.5,1.5,1.5,4722,15991,12178,31140,,,
2026-09-02T04:38:11+00:00,325,59735,Darlow,16,1,Man Utd,Goalkeeper,4.5,0.0,0.0,a,,2026-07-23T12:01:23.549136Z,100,100,0.0,0.0,0.0,0.0,224,315,466,572,,,
2026-09-02T04:38:11+00:00,412,465247,Lammens,16,1,Man Utd,Goalkeeper,5.0,0.0,0.0,a,,,,,14.2,1.5,1.5,1.5,21090,115223,55804,203833,,,
2026-09-02T04:38:11+00:00,413,451302,Bayindir,16,1,Man Utd,Goalkeeper,4.5,0.0,0.0,u,Has joined Celta Vigo on loan for the rest of the season,2026-08-10T14:02:28.608415Z,0,0,0.0,0.0,0.0,0.0,0,215,0,803,,,
2026-09-02T04:38:11+00:00,414,21205,Heaton,16,1,Man Utd,Goalkeeper,4.0,0.0,0.0,i,Hamstring injury - Unknown return date,2026-08-15T16:00:07.854151Z,0,0,0.1,0.0,0.0,0.0,267,656,482,1661,,,
2026-09-02T04:38:11+00:00,415,596777,Dorgu,16,1,Man Utd,Midfielder,5.9,-0.1,-0.1,a,,,,,0.9,0.5,0.5,0.5,2368,22878,7176,51539,,,
2026-09-02T04:38:11+00:00,416,209365,De Ligt,16,1,Man Utd,Defender,5.0,0.0,0.0,i,Back injury - Unknown return date,2026-07-23T12:01:23.690880Z,0,0,0.0,0.0,0.0,0.0,71,334,188,832,,,
2026-09-02T04:38:11+00:00,417,216051,Dalot,16,1,Man Utd,Defender,5.0,0.0,0.0,a,,,,,2.3,1.5,1.5,1.5,6027,22493,14217,56125,,,
2026-09-02T04:38:11+00:00,418,95658,Maguire,16,1,Man Utd,Defender,5.0,0.0,0.0,a,,,,,15.3,2.5,2.5,2.5,33323,150847,86276,257158,,,
2026-09-02T04:38:11+00:00,419,221820,Martinez,16,1,Man Utd,Defender,5.0,0.0,0.0,a,,2026-07-24T20:00:10.337107Z,100,100,1.3,0.5,0.5,0.5,5382,11454,12157,31029,,,
2026-09-02T04:38:11+00:00,420,550864,Yoro,16,1,Man Utd,Defender,4.9,-0.1,-0.1,a,,,,,0.6,0.5,0.5,0.5,1108,7435,2644,18179,,,
2026-09-02T04:38:11+00:00,421,606745,Heaven,16,1,Man Utd,Defender,4.5,0.0,0.0,a,,,,,0.4,0.5,0.5,0.5,979,5653,4067,9844,,,
2026-09-02T04:38:11+00:00,422,230001,Mazraoui,16,1,Man Utd,Defender,4.5,0.0,0.0,a,,,,,0.7,1.0,1.0,1.0,2407,8393,8261,14485,,,
2026-09-02T04:38:11+00:00,423,106760,Shaw,16,1,Man Utd,Defender,4.5,0.0,0.0,a,,,,,17.2,1.5,1.5,1.5,19828,181354,62755,298443,,,
2026-09-02T04:38:11+00:00,424,577974,Amass,16,1,Man Utd,Defender,4.0,0.0,0.0,a,,,,,0.2,0.0,0.0,0.0,1003,1558,1891,3539,,,
2026-09-02T04:38:11+00:00,425,547676,Fredricson,16,1,Man Utd,Defender,4.0,0.0,0.0,u,Has joined Lausanne-Sport permanently,2026-08-18T14:12:31.904433Z,0,0,0.0,0.0,0.0,0.0,0,246,0,926,,,
2026-09-02T04:38:11+00:00,426,141746,B.Fernandes,16,1,Man Utd,Midfielder,12.0,0.0,0.0,a,,,,,48.4,12.5,12.5,12.5,250272,213477,298790,442057,1,,
2026-09-02T04:38:11+00:00,427,446008,Mbeumo,16,1,Man Utd,Midfielder,8.0,0.0,0.0,a,,,,,30.5,6.5,6.5,6.5,54594,445928,136819,666116,2,,
2026-09-02T04:38:11+00:00,428,430871,Cunha,16,1,Man Utd,Midfielder,8.0,0.0,0.0,a,,,,,8.3,5.5,5.5,5.5,15040,95360,41894,188317,,,
2026-09-02T04:38:11+00:00,429,176297,Rashford,16,1,Man Utd,Midfielder,7.0,0.0,0.0,a,,,,,1.6,1.5,1.5,1.5,13068,24759,28132,46837,,,
2026-09-02T04:38:11+00:00,430,184341,Mount,16,1,Man Utd,Midfielder,5.5,0.0,0.0,d,Foot injury - 75% chance of playing,2026-08-15T16:00:07.879135Z,75,75,0.0,0.0,0.0,0.0,39,393,74,1088,,,
2026-09-02T04:38:11+00:00,431,493250,Amad,16,1,Man Utd,Midfielder,5.9,0.0,-0.1,i,Unspecified injury - Unknown return date,2026-08-22T11:00:08.617283Z,0,0,0.6,0.0,0.0,0.0,171,27791,1747,87250,,,
2026-09-02T04:38:11+00:00,432,516895,Mainoo,16,1,Man Utd,Midfielder,5.5,0.0,0.0,a,,,,,1.1,2.5,2.5,2.5,12181,8699,15641,22392,,,
2026-09-02T04:38:11+00:00,433,232112,Ugarte,16,1,Man Utd,Midfielder,5.0,0.0,0.0,i,Knee injury - Unknown return date,2026-07-23T12:01:23.706702Z,0,0,0.0,0.0,0.0,0.0,19,56,43,144,,,
2026-09-02T04:38:11+00:00,434,547037,J.Fletcher,16,1,Man Utd,Midfielder,5.0,0.0,0.0,a,,,,,0.0,0.0,0.0,0.0,55,118,96,287,,,
2026-09-02T04:38:11+00:00,435,576628,Lacey,16,1,Man Utd,Midfielder,5.0,0.0,0.0,a,,,,,0.1,0.5,0.5,0.5,225,737,552,1327,,,
2026-09-02T04:38:11+00:00,436,490881,Collyer,16,1,Man Utd,Midfielder,5.0,0.0,0.0,u,Has joined West Brom permanently,2026-09-01T13:16:48.584385Z,,0,0.0,0.0,0.0,0.0,90,206,150,440,,,
2026-09-02T04:38:11+00:00,437,576620,Bendito Mantato,16,1,Man Utd,Midfielder,4.5,0.0,0.0,a,,,,,0.2,0.0,0.0,0.0,1172,1874,2133,4245,,,
2026-09-02T04:38:11+00:00,438,519913,Fletcher,16,1,Man Utd,Midfielder,4.5,0.0,0.0,a,,,,,0.3,0.0,0.0,0.0,1262,2931,2590,6915,,,
2026-09-02T04:38:11+00:00,439,485711,Šeško,16,1,Man Utd,Forward,7.0,0.0,0.0,a,,2026-07-23T12:01:23.722029Z,100,100,1.7,1.0,1.0,1.0,10743,32782,41297,47908,,,
2026-09-02T04:38:11+00:00,440,458249,Zirkzee,16,1,Man Utd,Forward,5.4,-0.1,-0.1,a,,,,,0.5,0.0,0.0,0.0,3334,8513,5379,21644,,,
2026-09-02T04:38:11+00:00,441,596047,Obi,16,1,Man Utd,Forward,4.5,0.0,0.0,a,,,,,1.2,0.0,0.0,0.0,12310,9928,18626,21497,,,
2026-09-02T04:38:11+00:00,405,465694,N.Gonzalez,17,4,Newcastle,Midfielder,5.5,0.0,0.0,a,,,,,0.2,1.0,1.0,1.0,6224,1780,8611,3522,,,
2026-09-02T04:38:11+00:00,442,98747,Pope,17,4,Newcastle,Goalkeeper,5.0,0.0,0.0,a,,,,,1.2,0.0,0.0,0.0,3210,12860,5916,25164,,,
2026-09-02T04:38:11+00:00,443,81441,Gillespie,17,4,Newcastle,Goalkeeper,4.5,0.0,0.0,a,,,,,0.0,0.0,0.0,0.0,158,259,320,490,,,
2026-09-02T04:38:11+00:00,444,554578,Jaouen,17,4,Newcastle,Goalkeeper,4.5,0.0,0.0,a,,,,,0.0,0.0,0.0,0.0,116,320,240,668,,,
2026-09-02T04:38:11+00:00,445,465642,Thiaw,17,4,Newcastle,Defender,5.0,0.0,0.0,a,,,,,1.9,4.5,4.5,4.5,32447,17647,52245,28545,,,
2026-09-02T04:38:11+00:00,446,119471,Schär,17,4,Newcastle,Defender,5.0,0.0,0.0,a,,2026-08-15T16:30:07.209742Z,100,100,0.2,0.5,0.5,0.5,1239,3401,3134,5286,,,
2026-09-02T04:38:11+00:00,447,220237,Botman,17,4,Newcastle,Defender,5.0,0.0,0.0,a,,,,,0.6,4.0,4.0,4.0,9874,4020,18759,7302,,,
2026-09-02T04:38:11+00:00,448,78916,Burn,17,4,Newcastle,Defender,4.9,-0.1,-0.1,i,Ankle injury - Expected back 14 Sep,2026-08-23T18:00:08.367241Z,0,0,1.2,0.0,0.0,0.0,436,33360,6683,108671,,,
2026-09-02T04:38:11+00:00,449,487838,Hall,17,4,Newcastle,Defender,5.1,0.1,0.1,a,,,,,7.9,7.0,7.0,7.0,339906,37140,392607,56576,,,
2026-09-02T04:38:11+00:00,450,441191,Livramento,17,4,Newcastle,Defender,4.9,-0.1,-0.1,i,Calf injury - Unknown return date,2026-07-23T12:01:23.753221Z,0,0,0.0,0.0,0.0,0.0,74,598,165,1826,,,
2026-09-02T04:38:11+00:00,451,545477,A.Murphy,17,4,Newcastle,Defender,4.0,0.0,0.0,u,Has joined FC Kaiserslautern on loan for the rest of the season,2026-08-12T14:05:29.224600Z,0,0,0.1,0.0,0.0,0.0,0,1394,0,4670,,,
2026-09-02T04:38:11+00:00,453,201666,Barnes,17,4,Newcastle,Midfielder,6.0,0.0,0.0,a,,,,,1.1,2.5,2.5,2.5,11104,13241,26099,23571,,,
2026-09-02T04:38:11+00:00,454,449434,Elanga,17,4,Newcastle,Midfielder,6.1,0.1,0.1,a,,,,,7.6,8.5,8.5,8.5,479699,45069,575140,56942,,,
2026-09-02T04:38:11+00:00,456,232653,J.Ramsey,17,4,Newcastle,Midfielder,5.0,0.0,0.0,a,,,,,0.3,0.5,0.5,0.5,1200,4053,2642,8733,,,
2026-09-02T04:38:11+00:00,457,114243,J.Murphy,17,4,Newcastle,Midfielder,5.9,-0.1,-0.1,a,,,,,0.1,0.5,0.5,0.5,644,2275,1361,4957,,,
2026-09-02T04:38:11+00:00,458,180974,Joelinton,17,4,Newcastle,Midfielder,5.4,-0.1,-0.1,i,Unspecified injury - Unknown return date,2026-08-16T08:00:08.074045Z,0,0,0.0,0.0,0.0,0.0,65,464,113,1532,,,
2026-09-02T04:38:11+00:00,459,547719,L.Miley,17,4,Newcastle,Midfielder,5.5,0.0,0.0,a,,2026-07-23T12:01:23.785456Z,100,100,0.1,3.0,3.0,3.0,1307,907,2698,1441,,,
2026-09-02T04:38:11+00:00,460,200089,Willock,17,4,Newcastle,Midfielder,5.0,0.0,0.0,a,,,,,0.4,4.5,4.5,4.5,13412,4399,22175,6331,,,
2026-09-02T04:38:11+00:00,461,611665,Touré,17,4,Newcastle,Midfielder,5.9,-0.1,-0.1,a,,,,,0.2,0.5,0.5,0.5,504,4182,1017,8640,,,
2026-09-02T04:38:11+00:00,462,636852,Steur,17,4,Newcastle,Midfielder,5.0,0.0,0.0,a,,,,,0.1,1.0,1.0,1.0,408,1584,1170,2584,,,
2026-09-02T04:38:11+00:00,463,470313,Woltemade,17,4,Newcastle,Forward,5.9,-0.1,-0.1,a,,,,,1.3,2.0,2.0,2.0,6835,25886,14028,56670,1,,
2026-09-02T04:38:11+00:00,464,216646,Wissa,17,4,Newcastle,Forward,6.1,0.1,0.1,a,,,,,10.4,6.0,6.0,6.0,592532,46858,751489,70946,3,,
2026-09-02T04:38:11+00:00,465,538207,Osula,17,4,Newcastle,Forward,6.0,0.0,0.0,i,Foot injury - Unknown return date,2026-08-25T19:00:08.004915Z,0,0,0.6,2.0,0.0,0.0,353,27492,20697,53999,2,,
2026-09-02T04:38:11+00:00,466,599303,Neave,17,4,Newcastle,Forward,4.5,0.0,0.0,a,,,,,0.8,0.0,0.0,0.0,11917,7565,18395,15690,,,
2026-09-02T04:38:11+00:00,559,632794,Bamba,17,4,Newcastle,Midfielder,5.0,0.0,0.0,a,,,,,0.1,0.5,0.5,0.5,584,1748,1274,3415,,,
2026-09-02T04:38:11+00:00,567,470551,Horníček,17,4,Newcastle,Goalkeeper,5.0,0.0,0.0,a,,,,,1.0,4.0,4.0,4.0,33924,9770,39461,14028,,,
2026-09-02T04:38:11+00:00,593,463726,Dedić,17,4,Newcastle,Defender,4.5,0.0,0.0,a,,,,,1.9,6.0,6.0,6.0,150406,22278,160765,24434,,,
2026-09-02T04:38:11+00:00,609,553746,Shahar,17,4,Newcastle,Defender,4.0,0.0,0.0,a,,,,,0.3,0.0,0.0,0.0,7961,2194,11954,2839,,,
2026-09-02T04:38:11+00:00,167,463034,Delap,18,17,Nott'm Forest,Forward,5.5,0.0,0.0,a,,,,,0.7,0.5,0.5,0.5,22850,7470,30590,15035,3,,
2026-09-02T04:38:11+00:00,201,247348,Muñoz,18,17,Nott'm Forest,Defender,5.4,-0.1,-0.1,a,,,,,6.9,0.0,0.0,0.0,14562,128937,30207,254363,,,
2026-09-02T04:38:11+00:00,467,85633,Sels,18,17,Nott'm Forest,Goalkeeper,5.0,0.0,0.0,a,,,,,1.4,1.5,1.5,1.5,5017,10120,8367,21866,,,
2026-09-02T04:38:11+00:00,468,221389,John,18,17,Nott'm Forest,Goalkeeper,4.5,0.0,0.0,a,,,,,0.1,0.0,0.0,0.0,154,416,332,882,,,
2026-09-02T04:38:11+00:00,469,215136,N.Williams,18,17,Nott'm Forest,Defender,5.0,0.0,0.0,a,,,,,8.5,4.0,4.0,4.0,32656,48085,46806,130219,,,
2026-09-02T04:38:11+00:00,470,485047,Morato,18,17,Nott'm Forest,Defender,5.0,0.0,0.0,a,,,,,0.0,0.0,0.0,0.0,171,591,401,1258,,,
2026-09-02T04:38:11+00:00,471,227444,Milenković,18,17,Nott'm Forest,Defender,5.5,0.0,0.0,a,,,,,1.7,2.5,2.5,2.5,3525,10037,6116,27078,,,
2026-09-02T04:38:11+00:00,472,575476,Murillo,18,17,Nott'm Forest,Defender,5.5,0.0,0.0,a,,2026-07-23T12:01:23.801183Z,100,100,1.6,2.5,2.5,2.5,6060,12064,14640,23901,,,
2026-09-02T04:38:11+00:00,473,159506,Aina,18,17,Nott'm Forest,Defender,4.5,0.0,0.0,a,,,,,3.2,2.5,2.5,2.5,13645,29897,31415,52734,,,
2026-09-02T04:38:11+00:00,474,575458,Jair Cunha,18,17,Nott'm Forest,Defender,4.5,0.0,0.0,a,,,,,0.2,1.0,1.0,1.0,585,1192,844,2751,,,
2026-09-02T04:38:11+00:00,475,500151,Savona,18,17,Nott'm Forest,Defender,4.5,0.0,0.0,i,Knee injury - Unknown return date,2026-07-23T12:01:23.816304Z,0,0,0.0,0.0,0.0,0.0,16,57,129,105,,,
2026-09-02T04:38:11+00:00,476,204822,O.Richards,18,17,Nott'm Forest,Defender,4.0,0.0,0.0,a,,,,,0.2,0.0,0.0,0.0,720,1378,1215,3386,,,
2026-09-02T04:38:11+00:00,477,549067,Abbott,18,17,Nott'm Forest,Defender,4.0,0.0,0.0,a,,,,,0.3,0.0,0.0,0.0,1274,1723,2270,3946,,,
2026-09-02T04:38:11+00:00,478,470315,Netz,18,17,Nott'm Forest,Defender,4.5,0.0,0.0,a,,,,,0.0,1.0,1.0,1.0,111,282,223,570,,,
2026-09-02T04:38:11+00:00,479,538638,Bindon,18,17,Nott'm Forest,Defender,4.0,0.0,0.0,u,Has joined Charlton Athletic on loan for the rest of the season,2026-09-01T13:16:05.383880Z,,0,0.2,0.0,0.0,0.0,434,1365,799,2782,,,
2026-09-02T04:38:11+00:00,480,222531,Gibbs-White,18,17,Nott'm Forest,Midfielder,7.9,-0.1,-0.1,a,,2026-08-24T15:30:08.350159Z,100,100,9.1,7.5,7.5,7.5,112369,65953,121149,349046,1,,
2026-09-02T04:38:11+00:00,482,209046,Hudson-Odoi,18,17,Nott'm Forest,Midfielder,5.9,-0.1,-0.1,a,,2026-07-23T12:01:23.832709Z,100,100,0.2,0.5,0.5,0.5,1052,2960,1778,8444,,,
2026-09-02T04:38:11+00:00,483,456512,Ndoye,18,17,Nott'm Forest,Midfielder,5.5,0.0,0.0,a,,,,,0.6,6.0,6.0,6.0,21036,6200,22527,11462,,,
2026-09-02T04:38:11+00:00,484,503301,Hutchinson,18,17,Nott'm Forest,Midfielder,5.4,-0.1,-0.1,u,Has joined AC Milan on loan for the rest of the season,2026-09-01T13:23:52.340206Z,,0,0.1,0.0,0.0,0.0,213,2262,427,4508,,,
2026-09-02T04:38:11+00:00,485,476887,Bakwa,18,17,Nott'm Forest,Midfielder,5.5,0.0,0.0,u,Has joined Lille on loan for the rest of the season,2026-08-27T14:53:03.381941Z,0,0,0.0,0.0,0.0,0.0,0,399,107,804,,,
2026-09-02T04:38:11+00:00,486,432714,McAtee,18,17,Nott'm Forest,Midfielder,5.5,0.0,0.0,a,,,,,0.1,2.5,2.5,2.5,2316,848,2990,1323,,,
2026-09-02T04:38:11+00:00,487,250199,Dominguez,18,17,Nott'm Forest,Midfielder,5.0,0.0,0.0,a,,,,,0.1,0.5,0.5,0.5,240,706,454,1768,,,
2026-09-02T04:38:11+00:00,488,210462,I.Sangaré,18,17,Nott'm Forest,Midfielder,5.0,0.0,0.0,i,Calf injury - Unknown return date,2026-08-28T09:30:07.471668Z,0,0,0.7,1.0,0.0,0.0,160,18786,3010,36763,,,
2026-09-02T04:38:11+00:00,489,204968,Yates,18,17,Nott'm Forest,Midfielder,4.5,0.0,0.0,a,,2026-08-17T20:30:08.195072Z,100,100,1.5,0.0,0.0,0.0,12280,12467,14023,49550,,,
2026-09-02T04:38:11+00:00,490,60689,Wood,18,17,Nott'm Forest,Forward,5.9,-0.1,-0.1,a,,,,,1.3,0.5,0.5,0.5,4895,28092,9464,57443,2,,
2026-09-02T04:38:11+00:00,491,482973,Igor Jesus,18,17,Nott'm Forest,Forward,5.9,-0.1,-0.1,a,,,,,3.2,1.5,1.5,1.5,12940,49592,23177,108142,4,,
2026-09-02T04:38:11+00:00,493,465680,Kalimuendo,18,17,Nott'm Forest,Forward,5.5,0.0,0.0,a,,,,,0.0,0.5,0.5,0.5,295,812,634,1569,,,
2026-09-02T04:38:11+00:00,558,204561,Schlager,18,17,Nott'm Forest,Midfielder,5.0,0.0,0.0,a,,,,,0.1,2.5,2.5,2.5,879,759,1037,1903,,,
2026-09-02T04:38:11+00:00,581,568420,Diomande,18,17,Nott'm Forest,Defender,5.5,0.0,0.0,a,,,,,0.6,0.0,0.0,0.0,2228,10557,5712,22658,,,
2026-09-02T04:38:11+00:00,590,428971,Benda,18,17,Nott'm Forest,Goalkeeper,4.5,0.0,0.0,a,,,,,0.1,0.0,0.0,0.0,658,583,1283,1127,,,
2026-09-02T04:38:11+00:00,112,469142,Van Hecke,19,6,Spurs,Defender,5.0,0.0,0.0,a,,,,,8.0,1.0,1.0,1.0,11881,130617,48485,229385,,,
2026-09-02T04:38:11+00:00,401,438234,Marmoush,19,6,Spurs,Forward,7.0,0.0,0.0,a,,,,,1.9,1.0,1.0,1.0,65681,23011,105489,42372,2,,
2026-09-02T04:38:11+00:00,403,510281,Sávio,19,6,Spurs,Midfielder,6.5,0.0,0.0,d,Muscular injury - 75% chance of playing,2026-08-29T16:30:08.380416Z,,75,0.8,0.0,0.0,0.0,11601,23099,67348,29963,,,
2026-09-02T04:38:11+00:00,455,432422,Tonali,19,6,Spurs,Midfielder,5.4,-0.1,-0.1,a,,,,,3.1,2.0,2.0,2.0,7619,59673,21738,111889,,,
2026-09-02T04:38:11+00:00,494,184254,Vicario,19,6,Spurs,Goalkeeper,4.5,0.0,0.0,u,Has joined Juventus on loan for the rest of the season,2026-08-19T13:55:33.193962Z,0,0,0.2,0.0,0.0,0.0,0,4333,0,15770,,,
2026-09-02T04:38:11+00:00,495,214572,Austin,19,6,Spurs,Goalkeeper,4.0,0.0,0.0,a,,,,,0.9,0.0,0.0,0.0,5715,3545,8927,7247,,,
2026-09-02T04:38:11+00:00,496,485055,Kinsky,19,6,Spurs,Goalkeeper,4.5,0.0,0.0,a,,,,,20.4,1.5,1.5,1.5,26777,158104,67402,240255,,,
2026-09-02T04:38:11+00:00,497,67089,Dubravka,19,6,Spurs,Goalkeeper,4.0,0.0,0.0,a,,,,,18.2,0.0,0.0,0.0,72017,70051,107103,133868,,,
2026-09-02T04:38:11+00:00,498,221466,Senesi,19,6,Spurs,Defender,5.9,-0.1,-0.1,a,,,,,6.1,1.5,1.5,1.5,3733,122426,19675,186661,,,
2026-09-02T04:38:11+00:00,499,441164,Pedro Porro,19,6,Spurs,Defender,5.5,0.0,0.0,a,,2026-08-21T15:22:48.149081Z,100,100,12.3,0.5,0.5,0.5,33153,133899,53727,451417,,,
2026-09-02T04:38:11+00:00,500,221632,Romero,19,6,Spurs,Defender,5.0,0.0,0.0,u,Has joined Atletico Madrid permanently,2026-08-17T13:49:05.465401Z,0,0,0.1,0.0,0.0,0.0,0,2920,0,13699,,,
2026-09-02T04:38:11+00:00,501,135720,Danso,19,6,Spurs,Defender,5.0,0.0,0.0,a,,,,,0.2,0.0,0.0,0.0,514,2250,1534,4682,,,
2026-09-02T04:38:11+00:00,502,122798,Robertson,19,6,Spurs,Defender,4.5,0.0,0.0,a,,,,,3.5,2.5,2.5,2.5,9207,34992,31378,58290,,,
2026-09-02T04:38:11+00:00,503,491279,Van de Ven,19,6,Spurs,Defender,5.0,0.0,0.0,a,,2026-08-21T15:00:07.610517Z,100,100,3.9,0.0,0.0,0.0,11469,49789,19843,174492,,,
2026-09-02T04:38:11+00:00,505,232859,Spence,19,6,Spurs,Defender,4.5,0.0,0.0,u,Has joined Internazionale permanently,2026-08-18T14:13:08.454214Z,0,0,0.4,0.0,0.0,0.0,0,10970,0,56752,,,
2026-09-02T04:38:11+00:00,506,487053,Udogie,19,6,Spurs,Defender,4.5,0.0,0.0,a,,,,,0.4,1.0,1.0,1.0,785,4328,2470,9020,,,
2026-09-02T04:38:11+00:00,507,548308,Phillips,19,6,Spurs,Defender,4.5,0.0,0.0,u,Has joined Middlesbrough permanently,2026-08-18T14:13:08.474144Z,0,0,0.0,0.0,0.0,0.0,0,241,0,899,,,
2026-09-02T04:38:11+00:00,508,115556,Davies,19,6,Spurs,Defender,4.0,0.0,0.0,a,,,,,1.0,0.0,0.0,0.0,2529,7639,5406,16622,,,
2026-09-02T04:38:11+00:00,509,640419,Byfield,19,6,Spurs,Defender,4.0,0.0,0.0,a,,,,,0.1,0.0,0.0,0.0,353,415,672,973,,,
2026-09-02T04:38:11+00:00,510,499716,Rowswell,19,6,Spurs,Defender,4.0,0.0,0.0,a,,,,,0.1,0.0,0.0,0.0,433,623,768,1318,,,
2026-09-02T04:38:11+00:00,511,616221,Souza,19,6,Spurs,Defender,4.0,0.0,0.0,u,Has joined FC Porto on loan for the rest of the season,2026-09-01T13:24:26.858636Z,,0,0.3,0.0,0.0,0.0,1362,2974,2555,5668,,,
2026-09-02T04:38:11+00:00,512,460842,Kudus,19,6,Spurs,Midfielder,6.5,0.0,0.0,a,,2026-07-23T12:01:23.848657Z,75,100,0.1,0.5,0.4,0.5,2644,1310,2913,3716,3,,
2026-09-02T04:38:11+00:00,513,493362,Xavi,19,6,Spurs,Midfielder,6.0,0.0,0.0,i,Knee injury - Unknown return date,2026-07-23T12:01:23.864304Z,0,0,0.0,0.0,0.0,0.0,54,263,131,619,4,,
2026-09-02T04:38:11+00:00,514,511499,Tel,19,6,Spurs,Midfielder,5.9,-0.1,-0.1,a,,,,,0.4,2.0,2.0,2.0,1244,11112,5418,21573,,,
2026-09-02T04:38:11+00:00,515,172780,Maddison,19,6,Spurs,Midfielder,6.4,-0.1,-0.1,d,Shoulder injury - 75% chance of playing,2026-08-25T14:30:07.623508Z,75,75,0.7,0.5,0.4,0.4,132,25976,2818,62962,,,
2026-09-02T04:38:11+00:00,516,202993,Bentancur,19,6,Spurs,Midfielder,5.5,0.0,0.0,a,,,,,0.2,1.5,1.5,1.5,551,1641,1153,3672,,,
2026-09-02T04:38:11+00:00,517,550839,Odobert,19,6,Spurs,Midfielder,5.5,0.0,0.0,i,Knee injury - Unknown return date,2026-07-23T12:01:23.879434Z,0,0,0.0,0.0,0.0,0.0,16,28,32,47,,,
2026-09-02T04:38:11+00:00,518,482442,P.M.Sarr,19,6,Spurs,Midfielder,4.9,0.0,-0.1,a,,2026-08-21T14:30:08.419690Z,0,100,0.2,0.0,0.0,0.0,3875,2889,3988,13353,,,
2026-09-02T04:38:11+00:00,519,232787,Gallagher,19,6,Spurs,Midfielder,5.4,-0.1,-0.1,a,,,,,0.2,0.0,0.0,0.0,718,4166,1926,8813,,,
2026-09-02T04:38:11+00:00,520,570526,Bergvall,19,6,Spurs,Midfielder,5.5,0.0,0.0,a,,,,,0.2,0.5,0.5,0.5,327,2233,962,4432,,,
2026-09-02T04:38:11+00:00,521,445044,Kulusevski,19,6,Spurs,Midfielder,6.5,0.0,0.0,i,Knee injury - Unknown return date,2026-07-23T12:01:23.895175Z,0,0,0.0,0.0,0.0,0.0,48,105,123,346,,,
2026-09-02T04:38:11+00:00,522,547701,Gray,19,6,Spurs,Midfielder,5.0,0.0,0.0,a,,,,,0.2,2.0,2.0,2.0,1545,2573,3256,5117,,,
2026-09-02T04:38:11+00:00,523,499721,Moore,19,6,Spurs,Midfielder,5.0,0.0,0.0,a,,,,,0.2,1.5,1.5,1.5,728,3223,3147,5749,,,
2026-09-02T04:38:11+00:00,524,499726,Olusesi,19,6,Spurs,Midfielder,4.5,0.0,0.0,a,,,,,0.7,0.0,0.0,0.0,1023,6626,3037,15938,,,
2026-09-02T04:38:11+00:00,525,551226,Fernandes,19,6,Spurs,Midfielder,5.9,-0.1,-0.1,a,,,,,1.3,1.5,1.5,1.5,2934,27617,7463,58946,,,
2026-09-02T04:38:11+00:00,526,154566,Solanke,19,6,Spurs,Forward,5.9,-0.1,-0.1,a,,,,,1.1,1.0,1.0,1.0,4394,22392,12606,43210,1,,
2026-09-02T04:38:11+00:00,527,212319,Richarlison,19,6,Spurs,Forward,5.9,-0.1,-0.1,a,,,,,2.1,1.0,1.0,1.0,5118,67156,19841,113627,5,,
2026-09-02T04:38:11+00:00,528,490145,Scarlett,19,6,Spurs,Forward,4.5,0.0,0.0,a,,,,,1.9,0.0,0.0,0.0,26980,16146,40164,33326,,,
2026-09-02T04:38:11+00:00,601,611917,Williams-Barnett,19,6,Spurs,Midfielder,4.5,0.0,0.0,a,,,,,0.1,0.0,0.0,0.0,3062,1476,5698,2060,,,
2026-09-02T04:38:11+00:00,529,498016,Roefs,20,56,Sunderland,Goalkeeper,5.0,0.0,0.0,a,,,,,3.6,3.5,3.5,3.5,5686,29018,10452,59352,,,
2026-09-02T04:38:11+00:00,530,232571,Patterson,20,56,Sunderland,Goalkeeper,4.0,0.0,0.0,u,Has joined Wrexham permanently,2026-08-12T14:08:03.064533Z,0,0,0.1,0.0,0.0,0.0,0,1196,0,3503,,,
2026-09-02T04:38:11+00:00,531,515046,Ellborg,20,56,Sunderland,Goalkeeper,4.5,0.0,0.0,a,,,,,0.1,0.0,0.0,0.0,241,591,450,1445,,,
2026-09-02T04:38:11+00:00,532,223827,Ballard,20,56,Sunderland,Defender,5.0,0.0,0.0,a,,,,,4.4,4.0,4.0,4.0,9429,49348,22227,99052,,,
2026-09-02T04:38:11+00:00,533,200834,Mukiele,20,56,Sunderland,Defender,5.5,0.0,0.0,a,,2026-08-09T08:30:05.954750Z,100,100,2.4,4.5,4.5,4.5,13682,14147,19270,52734,,,
2026-09-02T04:38:11+00:00,534,487676,Hume,20,56,Sunderland,Defender,4.5,0.0,0.0,a,,,,,5.7,4.0,4.0,4.0,11162,47216,24781,84587,,,
2026-09-02T04:38:11+00:00,535,201895,Alderete,20,56,Sunderland,Defender,5.0,0.0,0.0,a,,2026-08-09T08:30:05.962393Z,100,100,0.4,0.5,0.5,0.5,1052,5937,3649,11201,,,
2026-09-02T04:38:11+00:00,536,434399,Reinildo,20,56,Sunderland,Defender,4.5,0.0,0.0,a,,,,,0.4,3.5,3.5,3.5,1207,2366,2182,5944,,,
2026-09-02T04:38:11+00:00,537,519634,Seelt,20,56,Sunderland,Defender,4.5,0.0,0.0,u,Has joined Swansea City on loan for the rest of the season,2026-08-29T00:34:52.425076Z,,0,0.0,0.0,0.0,0.0,3,250,61,377,,,
2026-09-02T04:38:11+00:00,538,477547,Hjelde,20,56,Sunderland,Defender,4.0,0.0,0.0,u,Has joined KV Mechelen on loan for the rest of the season,2026-08-12T14:08:03.081789Z,0,0,0.0,0.0,0.0,0.0,0,501,0,1491,,,
2026-09-02T04:38:11+00:00,539,167512,O'Nien,20,56,Sunderland,Defender,4.0,0.0,0.0,a,,,,,3.1,0.5,0.5,0.5,3347,20058,7949,37597,,,
2026-09-02T04:38:11+00:00,540,105717,Masuaku,20,56,Sunderland,Defender,4.0,0.0,0.0,u,Has joined Konyaspor permanently,2026-08-12T14:08:03.097784Z,0,0,0.2,0.0,0.0,0.0,0,2318,0,7186,,,
2026-09-02T04:38:11+00:00,541,93605,Meunier,20,56,Sunderland,Defender,4.5,0.0,0.0,a,,2026-08-16T08:30:07.830062Z,100,100,0.3,3.5,3.5,3.5,1666,1349,2676,3067,,,
2026-09-02T04:38:11+00:00,542,484420,E.Le Fée,20,56,Sunderland,Midfielder,5.9,-0.1,-0.1,a,,,,,6.8,2.5,2.5,2.5,4262,151889,15648,266999,2,,
2026-09-02T04:38:11+00:00,543,547027,Diarra,20,56,Sunderland,Midfielder,5.5,0.0,0.0,d,Unspecified injury - 75% chance of playing,2026-08-30T16:30:08.428960Z,,75,0.1,2.5,2.5,1.9,115,1211,450,2388,1,,
2026-09-02T04:38:11+00:00,544,84450,Xhaka,20,56,Sunderland,Midfielder,5.5,0.0,0.0,a,,,,,4.6,7.5,7.5,7.5,26976,27843,69757,46058,,,
2026-09-02T04:38:11+00:00,545,577669,Sadiki,20,56,Sunderland,Midfielder,5.0,0.0,0.0,a,,,,,0.3,2.5,2.5,2.5,1206,2948,2371,6445,,,
2026-09-02T04:38:11+00:00,546,535818,Adingra,20,56,Sunderland,Midfielder,4.9,-0.1,-0.1,i,Ankle injury - Unknown return date,2026-08-20T14:00:08.416985Z,0,0,0.0,0.0,0.0,0.0,154,1262,207,4821,,,
2026-09-02T04:38:11+00:00,547,461199,Mundle,20,56,Sunderland,Midfielder,5.0,0.0,0.0,a,,,,,0.0,0.5,0.5,0.5,49,96,89,246,,,
2026-09-02T04:38:11+00:00,548,554197,Rigg,20,56,Sunderland,Midfielder,5.0,0.0,0.0,a,,,,,0.1,1.0,1.0,1.0,94,534,193,1154,,,
2026-09-02T04:38:11+00:00,549,549912,Talbi,20,56,Sunderland,Midfielder,5.4,-0.1,-0.1,a,,,,,0.2,0.5,0.5,0.5,248,2548,532,5392,,,
2026-09-02T04:38:11+00:00,550,699989,Jocelin.T,20,56,Sunderland,Midfielder,5.0,0.0,0.0,a,,,,,0.0,0.0,0.0,0.0,53,70,104,171,,,
2026-09-02T04:38:11+00:00,551,536661,Angulo,20,56,Sunderland,Midfielder,5.0,0.0,0.0,a,,,,,0.1,4.0,4.0,4.0,3190,1925,8533,3304,,,
2026-09-02T04:38:11+00:00,552,441264,Brobbey,20,56,Sunderland,Forward,5.9,-0.1,-0.1,a,,,,,10.4,2.0,2.0,2.0,16493,203963,54762,323590,,,
2026-09-02T04:38:11+00:00,553,437505,Isidor,20,56,Sunderland,Forward,5.5,0.0,0.0,a,,,,,1.0,4.5,4.5,4.5,19802,8383,22272,21304,,,
2026-09-02T04:38:11+00:00,612,638411,Methalie,20,56,Sunderland,Defender,4.5,0.0,0.0,a,,2026-08-28T13:00:08.950445Z,0,100,0.0,0.0,0.0,1.7,172,38,267,65,,,
2026-09-02T04:38:11+00:00,613,696104,Ahoka,20,56,Sunderland,Midfielder,4.5,0.0,0.0,a,,,,,0.2,0.0,1.0,1.0,9065,2762,11540,3160,,,
